city,campaign_identity_sha256,replicas,transport_topology,campaign_components,raw_all_specular_transfer_m_inv2,raw_first_diffuse_transfer_m_inv2,standpoint,x_m,y_m,z_m,route_distance_m,raw_total_transfer_m_inv2,raw_direct_transfer_m_inv2,multipath_surplus_db,peak_sab_ensemble_field,peak_sab_mean_per_replica,mean_sab,absorbed_power,wbsar
Ghent,4ce0b4dc8aa1a11e158f1de99923e6d3df4090684f036badcc4cbb69324d1072,64,first_material_interaction_v1,"direct,all_specular,first_diffuse,total",0.00021311448934600638,5.434310129696106e-06,0,-6.4231959398242084,-14.907748511581786,52.1987624674858,,0.001028066363942809,0.0008095175644671075,1.0379487395269578,3.474786560203971,3.474786560203971,2.136816636858631,4.001184749951893,0.05526498273414216
Ghent,4ce0b4dc8aa1a11e158f1de99923e6d3df4090684f036badcc4cbb69324d1072,64,first_material_interaction_v1,"direct,all_specular,first_diffuse,total",0.00023369431317120024,5.415508480293416e-06,1,-5.235465303805377,-9.026481986736792,52.339019575064185,,0.0010766468394299558,0.0008375370177784637,1.0906925859032004,3.9920897224926177,3.9920897224926177,2.247206011373448,4.207888626291391,0.05812000865043356
Ghent,4ce0b4dc8aa1a11e158f1de99923e6d3df4090684f036badcc4cbb69324d1072,64,first_material_interaction_v1,"direct,all_specular,first_diffuse,total",0.00022773880496113587,5.147852242362266e-06,2,-4.092835497172836,-3.137495780852446,52.33501436553312,,0.0011205771549081618,0.0008876904977046642,1.01180193310792,4.434851594774255,4.434851594774255,2.288117874132012,4.284496005014509,0.05917812161622252
Ghent,4ce0b4dc8aa1a11e158f1de99923e6d3df4090684f036badcc4cbb69324d1072,64,first_material_interaction_v1,"direct,all_specular,first_diffuse,total",0.0002869318197666636,6.63741882303287e-06,3,-3.2569253561226734,2.80399008011613,52.330931145917816,,0.0012115727351030199,0.0009180034965133236,1.205051561727134,4.807488879828046,4.807488879828046,2.4192434160868186,4.530028312161864,0.06256945182544012
Ghent,4ce0b4dc8aa1a11e158f1de99923e6d3df4090684f036badcc4cbb69324d1072,64,first_material_interaction_v1,"direct,all_specular,first_diffuse,total",0.00023779460441983693,8.985185988271348e-06,4,-2.333989539257524,8.731858810927548,52.32710368484365,,0.0012467270355813053,0.000999947245173196,0.9579428909642145,5.257004916423064,5.257004916423064,2.3977832378485693,4.489844172625976,0.06201442227383945
Ghent,4ce0b4dc8aa1a11e158f1de99923e6d3df4090684f036badcc4cbb69324d1072,64,first_material_interaction_v1,"direct,all_specular,first_diffuse,total",0.0002748034235654368,1.5491770575993122e-05,5,-1.3150225922981924,14.644701305109546,52.4147968936823,,0.0013022710191131642,0.0010119758249717344,1.0953123803376354,5.564786961426251,5.564786961426251,2.400328222809258,4.494609651721336,0.06208024380830573
Ghent,4ce0b4dc8aa1a11e158f1de99923e6d3df4090684f036badcc4cbb69324d1072,64,first_material_interaction_v1,"direct,all_specular,first_diffuse,total",0.0002851329323701899,1.6695830776384493e-05,6,-0.2751265581568946,20.553888350344074,52.51453739189807,,0.0013260466696672444,0.0010242179065206706,1.1216644476779094,5.837013056993837,5.837013056993837,2.3815928867348037,4.459527773523058,0.0615956874796002
Ghent,4ce0b4dc8aa1a11e158f1de99923e6d3df4090684f036badcc4cbb69324d1072,64,first_material_interaction_v1,"direct,all_specular,first_diffuse,total",0.00032624827052842346,1.8356111043915923e-05,7,0.8536009812348264,26.444046829177857,52.51181206567555,,0.00138532699103204,0.0010407226094597002,1.2421730627179144,6.045867772098173,6.045867772098173,2.5152664811266106,4.709831303608843,0.0650529185581332
Ghent,4ce0b4dc8aa1a11e158f1de99923e6d3df4090684f036badcc4cbb69324d1072,64,first_material_interaction_v1,"direct,all_specular,first_diffuse,total",0.00035514573922928663,2.2469543681815908e-05,8,2.3504014881327517,32.25434701441356,52.6017513711259,,0.001464598613263247,0.0010869833303521433,1.2949573466632855,6.358621706825415,6.358621706825415,2.6537672063104747,4.969173626157234,0.0686349948364259
Ghent,4ce0b4dc8aa1a11e158f1de99923e6d3df4090684f036badcc4cbb69324d1072,64,first_material_interaction_v1,"direct,all_specular,first_diffuse,total",0.0003722402807278581,2.2637960132550434e-05,9,2.608824390700596,33.25749648673098,52.656605736549814,,0.00147168597627244,0.0010768077354120307,1.3567698478379322,6.241056631147176,6.241056631147176,2.6664717456598606,4.9929628499133045,0.06896357527504562
Prague,a8b5ac73b00a3b86fd803aff5cb14e2d99b290f5292eba2580994ca503375b8a,64,first_material_interaction_v1,"direct,all_specular,first_diffuse,total",5.525819207399643e-05,1.0166025986444708e-06,0,1.9246530297418551,58.4721910973366,237.05411022648107,,0.00023602117059279623,0.00017974637592015535,1.1829081718377172,0.9001384057482292,0.9001384057482292,0.4613806731456286,0.8639343598647586,0.011932795025756336
Prague,a8b5ac73b00a3b86fd803aff5cb14e2d99b290f5292eba2580994ca503375b8a,64,first_material_interaction_v1,"direct,all_specular,first_diffuse,total",4.860804384920152e-05,1.0336624944443256e-06,1,2.868862419822475,52.62521640235633,237.15133599116794,,0.00022741709802318833,0.00017777539167954267,1.0695146921442258,0.8452185326407669,0.8452185326407669,0.4482007766058655,0.839255030749102,0.011591920314214119
Prague,a8b5ac73b00a3b86fd803aff5cb14e2d99b290f5292eba2580994ca503375b8a,64,first_material_interaction_v1,"direct,all_specular,first_diffuse,total",5.248362735247356e-05,1.0845685221156589e-06,2,4.198937739766064,46.78357231595971,237.35033247677924,,0.00024285995326894889,0.00018929175739435973,1.082242038532135,0.900921244643206,0.900921244643206,0.47841616798988307,0.8958332888617367,0.012373387967703542
Prague,a8b5ac73b00a3b86fd803aff5cb14e2d99b290f5292eba2580994ca503375b8a,64,first_material_interaction_v1,"direct,all_specular,first_diffuse,total",5.2228807981836604e-05,9.877549728516764e-07,3,5.836025515100741,41.01140960756272,237.41956371095947,,0.00024467776867465073,0.00019146120571996233,1.065137217799371,0.9112847736664392,0.9112847736664392,0.47874911933150655,0.8964567395629338,0.012381999165233895
Prague,a8b5ac73b00a3b86fd803aff5cb14e2d99b290f5292eba2580994ca503375b8a,64,first_material_interaction_v1,"direct,all_specular,first_diffuse,total",4.762081880993504e-05,9.409920524558771e-07,4,7.221124400867588,35.18386773672513,237.51430817176322,,0.00024224655372573163,0.000193684742863341,0.9716219599095867,0.9286865248766426,0.9286865248766426,0.47088886414164444,0.8817384279147044,0.012178707567882658
Prague,a8b5ac73b00a3b86fd803aff5cb14e2d99b290f5292eba2580994ca503375b8a,64,first_material_interaction_v1,"direct,all_specular,first_diffuse,total",3.5909966450606804e-05,7.34746409862473e-07,5,8.558414227322654,29.435346413589016,237.62867360855452,,0.0002465994617980951,0.00020995474893762564,0.6986642208325762,0.9840204566785749,0.9840204566785749,0.479123584126045,0.8971579241191823,0.012391684034795342
Prague,a8b5ac73b00a3b86fd803aff5cb14e2d99b290f5292eba2580994ca503375b8a,64,first_material_interaction_v1,"direct,all_specular,first_diffuse,total",4.754047541541668e-05,8.997784675578151e-07,6,7.345942459491901,23.55913060643784,237.82140676416398,,0.0002618059187334206,0.000213365664850446,0.8885492722822798,0.989847275391767,0.989847275391767,0.531810011880449,0.9958131515374209,0.013754325297478194
Prague,a8b5ac73b00a3b86fd803aff5cb14e2d99b290f5292eba2580994ca503375b8a,64,first_material_interaction_v1,"direct,all_specular,first_diffuse,total",5.254822110021844e-05,1.1197405717925951e-06,7,6.133470691661149,17.682914799286664,237.96299657569804,,0.00026093743473759855,0.00020726947306558754,1.000010452311348,0.9034897858224109,0.9034897858224109,0.5475661947272047,1.0253165714548989,0.014161831097443357
Prague,a8b5ac73b00a3b86fd803aff5cb14e2d99b290f5292eba2580994ca503375b8a,64,first_material_interaction_v1,"direct,all_specular,first_diffuse,total",5.780227340610475e-05,1.3578900262148277e-06,8,4.920998923830396,11.806698992135484,238.16376101545725,,0.0002652969306906367,0.0002061367672583168,1.095767645762369,0.926087779269065,0.926087779269065,0.5714996294583423,1.070131878677974,0.014780827053563175
Prague,a8b5ac73b00a3b86fd803aff5cb14e2d99b290f5292eba2580994ca503375b8a,64,first_material_interaction_v1,"direct,all_specular,first_diffuse,total",5.8925941269217994e-05,1.0051271130644659e-06,9,3.7085271559996436,5.930483184984304,238.17051403417526,,0.0002570573876619641,0.00019712631927968152,1.1528547683459136,0.9088941232421737,0.9088941232421737,0.5655718229137193,1.0590320731364566,0.014627514822326743
Prague,a8b5ac73b00a3b86fd803aff5cb14e2d99b290f5292eba2580994ca503375b8a,64,first_material_interaction_v1,"direct,all_specular,first_diffuse,total",4.997619912217944e-05,6.281195914898838e-07,10,2.496055388168891,0.05426737783312774,238.26809411873523,,0.00024179445472668373,0.00019119013601301426,1.0198085444490086,0.8518275930182918,0.8518275930182918,0.5378798060726079,1.007178828656407,0.013911309788071917
Prague,a8b5ac73b00a3b86fd803aff5cb14e2d99b290f5292eba2580994ca503375b8a,64,first_material_interaction_v1,"direct,all_specular,first_diffuse,total",3.880056220536766e-05,6.758938292198532e-07,11,0.9482427466022166,-5.5884647606097,238.36680716338273,,0.00022774472426493936,0.0001882682682303517,0.826711974720601,0.766876978294096,0.766876978294096,0.5054252079345942,0.9464076605104393,0.013071929012575123
Prague,a8b5ac73b00a3b86fd803aff5cb14e2d99b290f5292eba2580994ca503375b8a,64,first_material_interaction_v1,"direct,all_specular,first_diffuse,total",6.437795030981924e-05,7.331578850478239e-07,12,-4.140063769895018,-8.767036768300626,238.38814506606127,,0.0002511013589339045,0.00018599025073903752,1.3035888316457491,0.8628269621514849,0.8628269621514849,0.5528650501084661,1.035238667238874,0.014298876619321471
Prague,a8b5ac73b00a3b86fd803aff5cb14e2d99b290f5292eba2580994ca503375b8a,64,first_material_interaction_v1,"direct,all_specular,first_diffuse,total",6.383374666172302e-05,6.800421344692e-07,13,-9.387297655576633,-11.674638073594258,238.41333207651059,,0.0002503861448921336,0.00018587235609594118,1.2939548949534652,0.8132524616579756,0.8132524616579756,0.5511235847804662,1.0319777770002025,0.014253836698897819
Prague,a8b5ac73b00a3b86fd803aff5cb14e2d99b290f5292eba2580994ca503375b8a,64,first_material_interaction_v1,"direct,all_specular,first_diffuse,total",5.811454710681239e-05,6.109688894971736e-07,14,-14.580731858705013,-14.670343516618987,238.332048096812,,0.0002340672680478167,0.00017534175205150703,1.2545534442787778,0.7371029734461534,0.7371029734461534,0.518608943561739,0.971094178309308,0.013412903015321928
Prague,a8b5ac73b00a3b86fd803aff5cb14e2d99b290f5292eba2580994ca503375b8a,64,first_material_interaction_v1,"direct,all_specular,first_diffuse,total",4.8723460332858584e-05,3.3098843127685245e-07,15,-19.818793312354924,-17.596128208145704,238.24909095743038,,0.00021879905093791157,0.00016974460217377617,1.1024946113011638,0.6755279966334111,0.6755279966334111,0.48801101720356066,0.9137996242457088,0.012621541771349571
Prague,a8b5ac73b00a3b86fd803aff5cb14e2d99b290f5292eba2580994ca503375b8a,64,first_material_interaction_v1,"direct,all_specular,first_diffuse,total",4.173114302986761e-05,4.845591133041633e-07,16,-24.975554742186773,-20.66190395422774,238.17350953084284,,0.0002114728408538714,0.00016925713871069982,0.9670760463077454,0.6129891880816634,0.6129891880816634,0.4699777079930869,0.8800322899038211,0.012155142125743389
Prague,a8b5ac73b00a3b86fd803aff5cb14e2d99b290f5292eba2580994ca503375b8a,64,first_material_interaction_v1,"direct,all_specular,first_diffuse,total",5.098435103080813e-05,5.84631560333204e-07,17,-30.129562859617586,-23.732480489504525,238.1383597104173,,0.0002290748193813736,0.0001775058367902323,1.107647146059907,0.6609193044132378,0.6609193044132378,0.5055515629543912,0.9466442600246753,0.013075196961666782
Prague,a8b5ac73b00a3b86fd803aff5cb14e2d99b290f5292eba2580994ca503375b8a,64,first_material_interaction_v1,"direct,all_specular,first_diffuse,total",4.604153301060224e-05,4.860425303746445e-07,18,-35.12971719958384,-27.041791653185722,238.02448200141066,,0.00023900810345148875,0.00019248052791051213,0.9402582461356163,0.7523416165647556,0.7523416165647556,0.5233256680194962,0.9799262351384087,0.013534892750530504
Prague,a8b5ac73b00a3b86fd803aff5cb14e2d99b290f5292eba2580994ca503375b8a,64,first_material_interaction_v1,"direct,all_specular,first_diffuse,total",5.4209385851857466e-05,7.945493315001418e-07,19,-40.14942690311144,-30.310418246587,238.17048717179298,,0.0002776387817968297,0.00022263484661347175,0.9588698945355456,1.0356949808645148,1.0356949808645148,0.5851759010919323,1.0957406691341198,0.015134539628924314
Prague,a8b5ac73b00a3b86fd803aff5cb14e2d99b290f5292eba2580994ca503375b8a,64,first_material_interaction_v1,"direct,all_specular,first_diffuse,total",5.042288159315561e-05,1.4587464649649904e-06,20,-41.85290030444895,-35.07085107762786,238.2965961470036,,0.0002445662661688435,0.00019268463811072264,1.0354946149398323,0.8308881000385561,0.8308881000385561,0.49317184162879074,0.9234632573489068,0.012755017366697607
Prague,a8b5ac73b00a3b86fd803aff5cb14e2d99b290f5292eba2580994ca503375b8a,64,first_material_interaction_v1,"direct,all_specular,first_diffuse,total",5.133483495856416e-05,1.471894504712521e-06,21,-41.60648392578497,-35.70527941958353,238.29332893657255,,0.00024444969745277727,0.0001916429679895004,1.0569661589792143,0.8215514507410029,0.8215514638978969,0.4997380449586086,0.9357584595553876,0.01292484060159375
Madrid,2c646cd2b8b27d85dd1b24a36eb9ab0a7a5a0de012c3159a109d1360050b7e1e,64,first_material_interaction_v1,"direct,all_specular,first_diffuse,total",0.00012522334544811788,2.221549858667934e-06,0,24.25962221494187,-36.406188999277404,704.1619440946226,,0.00040626239575967417,0.00027881750045288817,1.6348659574501117,1.2762590079482898,1.2762590079482898,0.8738547404606597,1.6362912010758932,0.02260070719718084
Madrid,2c646cd2b8b27d85dd1b24a36eb9ab0a7a5a0de012c3159a109d1360050b7e1e,64,first_material_interaction_v1,"direct,all_specular,first_diffuse,total",0.00010929863300581863,1.3723190062365686e-06,1,18.30769360169903,-37.164176982599784,704.2542393176254,,0.0003931382648442389,0.00028246731283218383,1.435771181009764,1.3742041112687071,1.3742041112687071,0.8234710149646408,1.5419477788921339,0.02129762125541622
Madrid,2c646cd2b8b27d85dd1b24a36eb9ab0a7a5a0de012c3159a109d1360050b7e1e,64,first_material_interaction_v1,"direct,all_specular,first_diffuse,total",0.00010497302301385764,1.3886953356859045e-06,2,12.356692456636244,-37.92937229067105,704.2171896149634,,0.00042028699122218134,0.0003139252728726376,1.2671966744852057,1.4699696163987006,1.4699696163987006,0.8623874248751322,1.6148186762685457,0.022304125362825222
Madrid,2c646cd2b8b27d85dd1b24a36eb9ab0a7a5a0de012c3159a109d1360050b7e1e,64,first_material_interaction_v1,"direct,all_specular,first_diffuse,total",0.00011002639029923158,1.3899974046286716e-06,3,6.406771694236324,-38.70296321691201,704.2392640260268,,0.0004296977375414325,0.00031828134983757217,1.3035187578389316,1.476283613545963,1.4762838980091686,0.8791799668438924,1.6462626765067265,0.022738434758380208
Madrid,2c646cd2b8b27d85dd1b24a36eb9ab0a7a5a0de012c3159a109d1360050b7e1e,64,first_material_interaction_v1,"direct,all_specular,first_diffuse,total",0.00011062248449184192,1.2303721852171338e-06,4,2.3989573638344153,-35.8652448923022,704.1863119062735,,0.00041338341136648636,0.00030153055468942747,1.3702171824092457,1.3223561873874699,1.3223561873874699,0.8683412501518901,1.6259672018323792,0.02245811052254668
Madrid,2c646cd2b8b27d85dd1b24a36eb9ab0a7a5a0de012c3159a109d1360050b7e1e,64,first_material_interaction_v1,"direct,all_specular,first_diffuse,total",0.0001217519328034783,1.177392159193241e-06,5,-0.23604722936946354,-30.474813481571285,704.0558000257994,,0.00042262077069634687,0.00029969144573367554,1.492764908653923,1.2788753237326935,1.2788753237326935,0.9092808324047046,1.7026264852513713,0.023516940404024467
Madrid,2c646cd2b8b27d85dd1b24a36eb9ab0a7a5a0de012c3159a109d1360050b7e1e,64,first_material_interaction_v1,"direct,all_specular,first_diffuse,total",0.00011353332693629122,1.110548446033624e-06,6,-4.825975132808711,-28.66882594489446,704.0118291868841,,0.0004027934820445969,0.0002881496066622719,1.45464403152226,1.2812893039473774,1.2812893039473774,0.8805345497893642,1.6487991302812224,0.022773468650293123
Madrid,2c646cd2b8b27d85dd1b24a36eb9ab0a7a5a0de012c3159a109d1360050b7e1e,64,first_material_interaction_v1,"direct,all_specular,first_diffuse,total",0.00011986953443061421,1.4577528933445166e-06,7,-10.784583514809759,-29.372378465994938,704.0430239617067,,0.0004110474841776893,0.0002897201968537304,1.5191322282821695,1.3342026794944732,1.3342026794944732,0.8976044566388766,1.680762495687146,0.02321495159788875
Madrid,2c646cd2b8b27d85dd1b24a36eb9ab0a7a5a0de012c3159a109d1360050b7e1e,64,first_material_interaction_v1,"direct,all_specular,first_diffuse,total",0.00012691777046650284,1.2911986093395018e-06,8,-13.681058879644471,-24.429873764461497,704.0638138317445,,0.0004120748469585618,0.0002838658778827192,1.61862914740755,1.3332583476699276,1.3332583476699276,0.8918554547310414,1.6699975014596153,0.023066263832315123
Madrid,2c646cd2b8b27d85dd1b24a36eb9ab0a7a5a0de012c3159a109d1360050b7e1e,64,first_material_interaction_v1,"direct,all_specular,first_diffuse,total",0.0001245362441760298,9.832964914245425e-07,9,-16.341343846507176,-19.05187377421565,704.0987142016974,,0.00039586533116569536,0.00027034579049824137,1.6562785741099777,1.3028021698870775,1.3028021698870775,0.8578739060420498,1.606367121552976,0.02218739118167094
Madrid,2c646cd2b8b27d85dd1b24a36eb9ab0a7a5a0de012c3159a109d1360050b7e1e,64,first_material_interaction_v1,"direct,all_specular,first_diffuse,total",0.00012763804796875078,9.980401397306693e-07,10,-19.00162881336988,-13.673873783969809,704.1323887345342,,0.000390433506460933,0.0002617974183524514,1.7358172158977567,1.3303125952423385,1.3303133413671866,0.8463927917869315,1.584868758765251,0.021890452469133303
Madrid,2c646cd2b8b27d85dd1b24a36eb9ab0a7a5a0de012c3159a109d1360050b7e1e,64,first_material_interaction_v1,"direct,all_specular,first_diffuse,total",0.00013328652260513276,9.9855479398773e-07,11,-21.661913780232585,-8.295873793723963,704.1258485313357,,0.0003921832922530222,0.00025789821485390144,1.8204075195826255,1.304178778730119,1.304178778730119,0.8492583792297862,1.5902345653479155,0.021964565819722594
Madrid,2c646cd2b8b27d85dd1b24a36eb9ab0a7a5a0de012c3159a109d1360050b7e1e,64,first_material_interaction_v1,"direct,all_specular,first_diffuse,total",0.00011635054549172934,1.24080139291722e-06,12,-24.32219874709529,-2.9178738034781198,704.1314603496616,,0.0003720537670269382,0.00025446242014229157,1.6498205275424815,1.2006100426137196,1.2006100426137196,0.8022260988129062,1.5021667171697326,0.02074815907693001
Madrid,2c646cd2b8b27d85dd1b24a36eb9ab0a7a5a0de012c3159a109d1360050b7e1e,64,first_material_interaction_v1,"direct,all_specular,first_diffuse,total",0.00010343421447526434,1.2543864935939817e-06,13,-26.048779728175642,0.5725614751000689,704.1407861084979,,0.0003490382117529417,0.00024434961078408297,1.548613233468644,1.1423285360012614,1.1423285360012614,0.7484521997918919,1.4014752020453256,0.019357392293443725
Mexico City,91bb9534e3510ad9d72b94c4ca1349b7a2137c4440cd6b6660c22c29c9058b3f,64,first_material_interaction_v1,"direct,all_specular,first_diffuse,total",0.0,1.620440791783904e-08,0,-28.512929079773077,-19.03926856277755,2224.9173695324794,,1.620440791783904e-08,0.0,,5.644493907719909e-05,6.370519651751651e-05,3.6436822506909134e-05,6.822787507199383e-05,9.423739650827873e-07
Mexico City,91bb9534e3510ad9d72b94c4ca1349b7a2137c4440cd6b6660c22c29c9058b3f,64,first_material_interaction_v1,"direct,all_specular,first_diffuse,total",0.0,1.9182209953188274e-08,1,-23.78885426057655,-22.716895434244638,2225.1208092570523,,1.9182209953188274e-08,0.0,,0.00010471821892513824,0.00010482005660651474,3.886703631688325e-05,7.27784454241069e-05,1.0052271467418079e-06
Mexico City,91bb9534e3510ad9d72b94c4ca1349b7a2137c4440cd6b6660c22c29c9058b3f,64,first_material_interaction_v1,"direct,all_specular,first_diffuse,total",0.0003242721754670489,4.549879172306813e-05,2,-18.62952064912988,-25.693651551560134,2224.853264985762,,0.0014717228623994658,0.0011019518952093488,1.2566340028746699,8.835093595104901,8.835093595104901,2.7720866854339605,5.190726607037765,0.07169511888173705
Mexico City,91bb9534e3510ad9d72b94c4ca1349b7a2137c4440cd6b6660c22c29c9058b3f,64,first_material_interaction_v1,"direct,all_specular,first_diffuse,total",0.0,0.0001076878178297835,3,-13.097046382751417,-28.013119852622033,2224.754414848728,,0.0001076878178297835,0.0,,0.6454631487329467,0.6454917744207405,0.1699572162721402,0.3182445373001617,0.004395642780388974
Mexico City,91bb9534e3510ad9d72b94c4ca1349b7a2137c4440cd6b6660c22c29c9058b3f,64,first_material_interaction_v1,"direct,all_specular,first_diffuse,total",0.0002112796231785002,2.9236088522006537e-05,4,-7.352903134011691,-29.644402586383375,2225.922472964315,,0.004284438518241637,0.004043922806541125,0.2509105822270349,26.36391282023204,26.36391282023204,6.617354717937944,12.39098307534715,0.17114617507385566
Mexico City,91bb9534e3510ad9d72b94c4ca1349b7a2137c4440cd6b6660c22c29c9058b3f,64,first_material_interaction_v1,"direct,all_specular,first_diffuse,total",0.0004413943531887989,1.1354056797733675e-05,5,-1.4096930980445608,-29.4349033861738,2224.604895925077,,0.0027493675922152954,0.002296619182228762,0.7814382128192219,11.432501442796083,11.432501442796083,5.738394478897494,10.745131838699654,0.14841342318645928
Mexico City,91bb9534e3510ad9d72b94c4ca1349b7a2137c4440cd6b6660c22c29c9058b3f,64,first_material_interaction_v1,"direct,all_specular,first_diffuse,total",0.00040856333160416066,7.158532299652957e-06,6,4.377433396076,-27.9089961172092,2224.566525323797,,0.0022622089090062344,0.0018464870451024192,0.8818644338685286,7.605656064802687,7.605656064802687,4.990117722631376,9.343985154294863,0.12906056842948704
Mexico City,91bb9534e3510ad9d72b94c4ca1349b7a2137c4440cd6b6660c22c29c9058b3f,64,first_material_interaction_v1,"direct,all_specular,first_diffuse,total",0.0003590376025095658,6.329058837784472e-06,7,9.856344270420623,-26.015743417489315,2224.618939123941,,0.0017796139120108184,0.0014142472506634694,0.9980044902432633,6.122925879141502,6.122925879141502,3.9985835535241843,7.487339465537811,0.103416290960467
Mexico City,91bb9534e3510ad9d72b94c4ca1349b7a2137c4440cd6b6660c22c29c9058b3f,64,first_material_interaction_v1,"direct,all_specular,first_diffuse,total",0.0004554632817906181,0.0001249038860102261,8,14.951165364908782,-22.847123728226922,2227.7004088328613,,0.01265411231522865,0.012073745147427794,0.20389680318615042,82.88479766976901,82.88479766976901,29.177899871729636,54.63555739345901,0.7546347706278869
Mexico City,91bb9534e3510ad9d72b94c4ca1349b7a2137c4440cd6b6660c22c29c9058b3f,64,first_material_interaction_v1,"direct,all_specular,first_diffuse,total",0.0006263655778469898,0.00019077646962951397,9,19.989267420284357,-19.589604509900596,2224.5335649933845,,0.005798339545047401,0.0049811974975709,0.6596988237283805,23.193657233481677,23.193657233481677,11.435769889375148,21.413455556296316,0.2957659607223248
Mexico City,91bb9534e3510ad9d72b94c4ca1349b7a2137c4440cd6b6660c22c29c9058b3f,64,first_material_interaction_v1,"direct,all_specular,first_diffuse,total",0.00039597865934540294,5.9793717759666875e-05,10,23.783075027640642,-15.823931286271108,2224.610108856929,,0.0037441369296745187,0.00328836455256945,0.5637176525545887,18.45316740682579,18.45316740682579,7.878553958907659,14.752576055565397,0.2037648626459309
Tokyo Hachiko,ce225150f9618a8aa95a845209d3d39d12faccdfa9b6ff5f456ba9d79b1f6c19,64,first_material_interaction_v1,"direct,all_specular,first_diffuse,total",3.2075051614954356e-05,1.1550708934939658e-06,0,30.17558935596278,1.7245137062929863,52.71400785112053,,0.00020416156045641659,0.00017093143794796856,0.7715203035935602,0.870652988671381,0.870652988671381,0.39196572877275937,0.7339550195448532,0.010137500269956535
Tokyo Hachiko,ce225150f9618a8aa95a845209d3d39d12faccdfa9b6ff5f456ba9d79b1f6c19,64,first_material_interaction_v1,"direct,all_specular,first_diffuse,total",3.097477104729477e-05,8.450345997374993e-07,1,24.195769373987883,2.21619753069004,52.74459529338756,,0.0001890390720452803,0.00015721926639824797,0.8004581128506487,0.7464211440099254,0.7464211440099254,0.3719931001656536,0.6965563136284262,0.009620943558403676
Tokyo Hachiko,ce225150f9618a8aa95a845209d3d39d12faccdfa9b6ff5f456ba9d79b1f6c19,64,first_material_interaction_v1,"direct,all_specular,first_diffuse,total",3.5146947892684095e-05,8.388987443404672e-07,2,18.22562483643356,2.805545519167603,52.82302397896522,,0.00019063415220745223,0.00015464830557042754,0.9085554140821372,0.6969707003820533,0.6969707003820533,0.3760690103892526,0.7041884471243598,0.009726359766911049
Tokyo Hachiko,ce225150f9618a8aa95a845209d3d39d12faccdfa9b6ff5f456ba9d79b1f6c19,64,first_material_interaction_v1,"direct,all_specular,first_diffuse,total",3.201473490492009e-05,8.360378881290782e-07,3,12.265568848364827,3.4967275639908424,52.907953161587635,,0.00018260853678133277,0.00014975776398828343,0.8613172948715404,0.662812186295122,0.662812186295122,0.3617405596746816,0.6773584526827865,0.009355779733187656
Tokyo Hachiko,ce225150f9618a8aa95a845209d3d39d12faccdfa9b6ff5f456ba9d79b1f6c19,64,first_material_interaction_v1,"direct,all_specular,first_diffuse,total",3.1365671161553575e-05,7.950096971391499e-07,4,6.30418479830085,4.175800574589091,52.906700804377635,,0.00018510284237506464,0.0001529421615163718,0.8288586394253936,0.6973088677492832,0.6973088677492832,0.36202989930598145,0.6779002405462577,0.009363262990970414
Tokyo Hachiko,ce225150f9618a8aa95a845209d3d39d12faccdfa9b6ff5f456ba9d79b1f6c19,64,first_material_interaction_v1,"direct,all_specular,first_diffuse,total",3.44976438055099e-05,8.7452928271019e-07,5,0.33599852435495947,4.792852111726705,52.90563210891571,,0.00018555521781849553,0.00015018304473027514,0.9185226649698252,0.6930653831937931,0.6930653831937931,0.3626516573858203,0.679064481269724,0.009379343663946464
Tokyo Hachiko,ce225150f9618a8aa95a845209d3d39d12faccdfa9b6ff5f456ba9d79b1f6c19,64,first_material_interaction_v1,"direct,all_specular,first_diffuse,total",2.7409074502247892e-05,9.362438347931694e-07,6,-4.211533519740932,2.690330784561792,52.93872014477626,,0.00017459734663965637,0.00014625202830261512,0.7693574160745456,0.6804642752016136,0.6804642752016136,0.3436540152346605,0.6434914354832538,0.00888800325253113
Tokyo Hachiko,ce225150f9618a8aa95a845209d3d39d12faccdfa9b6ff5f456ba9d79b1f6c19,64,first_material_interaction_v1,"direct,all_specular,first_diffuse,total",3.103939913025083e-05,1.0733042018826336e-06,7,-7.114316706805153,-2.560750034555096,52.864754914151355,,0.00019579890508708076,0.00016368620175494746,0.777981876257588,0.7538704934372543,0.7538704934372543,0.38889128482788515,0.7281981295924717,0.010057985215365628
Tokyo Hachiko,ce225150f9618a8aa95a845209d3d39d12faccdfa9b6ff5f456ba9d79b1f6c19,64,first_material_interaction_v1,"direct,all_specular,first_diffuse,total",4.855193632745041e-05,1.2879817839646258e-06,8,-10.091232808200061,-7.76945493175973,52.82951763509412,,0.00022602241606764349,0.00017618249795622862,1.0818874978304276,0.929081408944185,0.9290815957798527,0.43972221381604304,0.8233789393938701,0.01137263728444572
Tokyo Hachiko,ce225150f9618a8aa95a845209d3d39d12faccdfa9b6ff5f456ba9d79b1f6c19,64,first_material_interaction_v1,"direct,all_specular,first_diffuse,total",3.377765581156465e-05,1.7238006272905249e-06,9,-13.14301804172888,-12.935363069581719,52.775327541469224,,0.0002044602682432721,0.00016895881180441723,0.8282807952781268,0.8465098380012803,0.8465098380012803,0.3948987040729999,0.739447009751631,0.010213356488282192
Tokyo Hachiko,ce225150f9618a8aa95a845209d3d39d12faccdfa9b6ff5f456ba9d79b1f6c19,64,first_material_interaction_v1,"direct,all_specular,first_diffuse,total",0.00016109324519402598,7.24637278739818e-06,10,-16.010929557475794,-18.205030132842573,53.389969699937545,,0.0005158534835339264,0.000347513865552502,1.7155423034917097,3.1926530190388176,3.1926546613671105,1.1587457612273921,2.1697490504896195,0.029968909537149452
Tokyo Hachiko,ce225150f9618a8aa95a845209d3d39d12faccdfa9b6ff5f456ba9d79b1f6c19,64,first_material_interaction_v1,"direct,all_specular,first_diffuse,total",1.575077777036289e-05,4.595338855088189e-05,11,-18.62813443263437,-23.586875222105103,52.845712636700306,,0.0029063273351736993,0.0028446231688524525,0.09319783682234106,20.328941631818267,20.328941631818267,4.1205986021710235,7.715812392736704,0.10657199437481625
Tokyo Hachiko,ce225150f9618a8aa95a845209d3d39d12faccdfa9b6ff5f456ba9d79b1f6c19,64,first_material_interaction_v1,"direct,all_specular,first_diffuse,total",1.9763355108651604e-05,1.1535883463921898e-05,12,-20.557268468214314,-29.26828718329636,53.0595744866752,,0.00037051352042344386,0.00033921428185087,0.3832993150405672,2.1258538258415394,2.1258538258415394,0.7899346196626594,1.4791509477855047,0.020430261709744543
Tokyo Hachiko,ce225150f9618a8aa95a845209d3d39d12faccdfa9b6ff5f456ba9d79b1f6c19,64,first_material_interaction_v1,"direct,all_specular,first_diffuse,total",0.0,1.1316012579139614e-06,13,-22.486402503794263,-34.94969914448761,53.10839112056466,,1.1316012579139614e-06,0.0,,0.006901432097653018,0.006902726810808312,0.0017691036561081458,0.0033126429511098716,4.575473689378277e-05
Tokyo Hachiko,ce225150f9618a8aa95a845209d3d39d12faccdfa9b6ff5f456ba9d79b1f6c19,64,first_material_interaction_v1,"direct,all_specular,first_diffuse,total",0.0,5.015457003404594e-07,14,-23.87045923357599,-40.78477044620847,53.41488469751944,,5.015457003404594e-07,0.0,,0.003088405368174612,0.003089625551798812,0.0010415136689727494,0.0019502321992806108,2.6936908829842696e-05
Tokyo Hachiko,ce225150f9618a8aa95a845209d3d39d12faccdfa9b6ff5f456ba9d79b1f6c19,64,first_material_interaction_v1,"direct,all_specular,first_diffuse,total",0.0,3.420261423294064e-07,15,-24.820914267138733,-44.99142792128486,53.240118394933944,,3.420261423294064e-07,0.0,,0.0015003760937988989,0.0015040916200621487,0.0006904495352073633,0.0012928653321159275,1.785725596845204e-05
Brussels,e27a56a7aeeafc65716f93245fd4db269a843861a6c46ae94773f700c68101b1,64,first_material_interaction_v1,"direct,all_specular,first_diffuse,total",0.00011588870303776942,2.2700465526044792e-05,0,22.12689296471502,-46.0406970324887,68.8099369785017,,0.0006219301032012232,0.00048334093463740855,1.094880008814276,2.8507309911076923,2.8507309911076923,1.1523860460164046,2.157840496860212,0.029804426752212863
Brussels,e27a56a7aeeafc65716f93245fd4db269a843861a6c46ae94773f700c68101b1,64,first_material_interaction_v1,"direct,all_specular,first_diffuse,total",0.00010143168202587235,3.0975759444431374e-05,1,26.59367470182797,-42.03471888564439,69.00994650456923,,0.0006191220653348221,0.00048671462386451833,1.0450188713639719,2.7022269911965973,2.7022269911965973,1.191284129311852,2.230677077687713,0.030810456874139674
Brussels,e27a56a7aeeafc65716f93245fd4db269a843861a6c46ae94773f700c68101b1,64,first_material_interaction_v1,"direct,all_specular,first_diffuse,total",3.129331255740888e-05,2.207210137547269e-05,2,31.05929931638038,-38.02745185373129,69.16186216427276,,7.788247364010656e-05,2.451705970722505e-05,5.019713520682579,0.4012837919384971,0.40128541268605394,0.16550950941076883,0.30991621536602615,0.0042806107094755
Brussels,e27a56a7aeeafc65716f93245fd4db269a843861a6c46ae94773f700c68101b1,64,first_material_interaction_v1,"direct,all_specular,first_diffuse,total",0.00015257941424511205,1.5337524234259036e-05,3,35.52193992772568,-34.016861027684385,68.94851272690595,,0.0006591320199651222,0.0004912150814857517,1.2770071751406629,2.697227710692573,2.697227710692573,1.2460743484887677,2.3332716502100825,0.03222750898080225
Brussels,e27a56a7aeeafc65716f93245fd4db269a843861a6c46ae94773f700c68101b1,64,first_material_interaction_v1,"direct,all_specular,first_diffuse,total",0.00015723489275228775,2.3071057817536826e-05,4,39.98439300458989,-30.006061548807885,68.96255600440627,,0.0006812361507173707,0.0005009302001475471,1.335204710427592,2.7825871896757266,2.7825871896757266,1.3002422967045337,2.4347010216397873,0.03362846714972082
Brussels,e27a56a7aeeafc65716f93245fd4db269a843861a6c46ae94773f700c68101b1,64,first_material_interaction_v1,"direct,all_specular,first_diffuse,total",0.00010131364369243813,6.614445302796235e-05,5,51.12242207260833,-19.055037115251885,69.13722399906794,,0.0007248026590349359,0.0005573445623145363,1.1409600961141677,3.4136929673613774,3.4136929673613774,1.2871111191087214,2.4101129186463006,0.03328885246749034
Brussels,e27a56a7aeeafc65716f93245fd4db269a843861a6c46ae94773f700c68101b1,64,first_material_interaction_v1,"direct,all_specular,first_diffuse,total",0.0001390499261022833,6.364815003830406e-05,6,45.81846203453205,-16.250040160799028,68.32632889903138,,0.0007398704293972723,0.0005371723532566857,1.3904201744092686,3.347624093845863,3.347624093845863,1.3368267102536542,2.5032052606342337,0.03457465829605294
Brussels,e27a56a7aeeafc65716f93245fd4db269a843861a6c46ae94773f700c68101b1,64,first_material_interaction_v1,"direct,all_specular,first_diffuse,total",0.00017025053561773112,3.142856921212518e-05,7,40.97730531257875,-12.75824155857493,68.41843331210086,,0.000715106322555627,0.0005134272177257711,1.438917301390645,3.253315475067319,3.253315475067319,1.3040974030581272,2.4419197003440662,0.033728172656685984
Brussels,e27a56a7aeeafc65716f93245fd4db269a843861a6c46ae94773f700c68101b1,64,first_material_interaction_v1,"direct,all_specular,first_diffuse,total",0.00013022560260367628,2.8920655568476983e-05,8,36.38616208567921,-8.89541825818283,68.82429359353077,,0.0006889174931952737,0.0005297712350231211,1.140788389015456,3.142946327451258,3.142946327451258,1.3023058695785847,2.4385650575947873,0.0336818378120827
Brussels,e27a56a7aeeafc65716f93245fd4db269a843861a6c46ae94773f700c68101b1,64,first_material_interaction_v1,"direct,all_specular,first_diffuse,total",0.0001392836732294994,2.058599505188534e-05,9,31.794381356629373,-5.033352782776364,67.9368687504833,,0.0006441644519634569,0.000484294783682073,1.238869634195926,2.827795231232748,2.827795231232748,1.2103278790995742,2.2663364599286497,0.03130298977802002
Brussels,e27a56a7aeeafc65716f93245fd4db269a843861a6c46ae94773f700c68101b1,64,first_material_interaction_v1,"direct,all_specular,first_diffuse,total",0.00013667378256915333,2.644302207729754e-05,10,27.201197500493933,-1.1729569520857261,68.61484465737269,,0.0006242714095768646,0.00046115460493041335,1.3152689582948551,2.6692238881402375,2.6692238881402375,1.2013430869837098,2.2495124552034085,0.03107061402214652
Brussels,e27a56a7aeeafc65716f93245fd4db269a843861a6c46ae94773f700c68101b1,64,first_material_interaction_v1,"direct,all_specular,first_diffuse,total",0.00012024233056953144,2.3917225863010957e-05,11,22.606215921907314,2.685299686922323,67.58430257283496,,0.0005411806322968626,0.00039702107586431944,1.345286838302263,2.352555232203815,2.352555232203815,1.0617663981503527,1.988155392938193,0.027460709847212605
Brussels,e27a56a7aeeafc65716f93245fd4db269a843861a6c46ae94773f700c68101b1,64,first_material_interaction_v1,"direct,all_specular,first_diffuse,total",0.00013944456301266908,2.0527164103587725e-05,12,17.97160745859425,6.495726525069577,67.43616904668173,,0.0005181122068301097,0.00035814047971385274,1.603704134803479,2.172040512903893,2.172040512903893,1.024603814631498,1.9185685318666441,0.02649956535727409
Brussels,e27a56a7aeeafc65716f93245fd4db269a843861a6c46ae94773f700c68101b1,64,first_material_interaction_v1,"direct,all_specular,first_diffuse,total",0.00010600859298659913,2.8953035134769848e-05,13,14.000407103384735,9.74198173271294,67.3013717151213,,0.0004821087566849796,0.00034714712856361046,1.4263144244523964,2.101849456646934,2.101849456646934,0.9429870100584412,1.7657412334618519,0.024388691069915095
London,6e703d912d35d73b1d8d3d25f573291b2c3a84274192ebf8a10db96774889e4b,64,first_material_interaction_v1,"direct,all_specular,first_diffuse,total",3.5247653197556926e-05,2.033270295623103e-06,0,40.689242582591525,37.52488979176539,56.32362412092828,,0.00020120695389748067,0.00016392603040430063,0.889950640299644,0.9541287535955997,0.9541287535955997,0.39832245483970974,0.7458579760082095,0.010301905745969744
London,6e703d912d35d73b1d8d3d25f573291b2c3a84274192ebf8a10db96774889e4b,64,first_material_interaction_v1,"direct,all_specular,first_diffuse,total",4.413783523338066e-05,3.3537292397030658e-06,1,34.72146176115446,37.21445434266343,56.323960176319495,,0.00039769301724346275,0.00035020145277037844,0.5523002227032873,1.9834087401407672,1.9834087401407672,0.677232397810613,1.268116269572291,0.017515418088015062
London,6e703d912d35d73b1d8d3d25f573291b2c3a84274192ebf8a10db96774889e4b,64,first_material_interaction_v1,"direct,all_specular,first_diffuse,total",4.296590132828544e-05,3.12000052410807e-06,2,28.926403793933584,35.65968646399155,56.32463436292839,,0.0003077932990043391,0.00026170739715194536,0.7044316239983799,1.2705380190886826,1.2705380190886826,0.6494774884586957,1.216145258995338,0.01679758645021186
London,6e703d912d35d73b1d8d3d25f573291b2c3a84274192ebf8a10db96774889e4b,64,first_material_interaction_v1,"direct,all_specular,first_diffuse,total",4.638287824216235e-05,5.247540014811372e-06,3,22.996318348236308,35.263063278004545,56.32533083292509,,0.00028532454997837387,0.00023369413172140034,0.8669133396978311,0.8919845223379353,0.8919845223379353,0.627769225292241,1.1754965809425255,0.01623614062075312
London,6e703d912d35d73b1d8d3d25f573291b2c3a84274192ebf8a10db96774889e4b,64,first_material_interaction_v1,"direct,all_specular,first_diffuse,total",4.3628942272566956e-05,1.0491617514803089e-05,4,17.19686985063407,34.02187324000214,56.32658209822887,,0.00030319278257095707,0.0002490722227835875,0.8539356228353912,1.1462395213251932,1.1462486915892607,0.6402360888040294,1.1988407571823891,0.01655857399423189
London,6e703d912d35d73b1d8d3d25f573291b2c3a84274192ebf8a10db96774889e4b,64,first_material_interaction_v1,"direct,all_specular,first_diffuse,total",4.9454222361727994e-05,5.63921588475414e-06,5,12.040705814588081,31.043644286883186,56.39892261915231,,0.00027859697686644335,0.00022350353861996106,0.9569199597273871,1.01093152746613,1.01093152746613,0.6105808226881443,1.1433113324802855,0.015791592990059188
London,6e703d912d35d73b1d8d3d25f573291b2c3a84274192ebf8a10db96774889e4b,64,first_material_interaction_v1,"direct,all_specular,first_diffuse,total",5.274122633072003e-05,1.8055754323467623e-06,6,8.21024201258717,26.5032722431167,56.33149392968883,,0.00023950404767560994,0.00018495724591254326,1.1224150752324191,0.835020684651349,0.8350210024188202,0.537556799935867,1.0065740003308619,0.01390295580567489
London,6e703d912d35d73b1d8d3d25f573291b2c3a84274192ebf8a10db96774889e4b,64,first_material_interaction_v1,"direct,all_specular,first_diffuse,total",5.12361432096789e-05,1.2612615382807312e-06,7,5.090493115224705,21.386118181686943,56.33458187874294,,0.0002133331466002992,0.00016083574185233972,1.2267577254238158,0.6919018544752042,0.6919019774482105,0.48468015962536204,0.9075626002932269,0.012535395031674404
London,6e703d912d35d73b1d8d3d25f573291b2c3a84274192ebf8a10db96774889e4b,64,first_material_interaction_v1,"direct,all_specular,first_diffuse,total",5.05003554128646e-05,1.1837837715253301e-06,8,2.1321728208800086,16.16614436213784,56.337617652682724,,0.00020277073253801507,0.00015108659335362498,1.2777934112387046,0.6263780476312393,0.6263780476312393,0.462987752080879,0.8669436118598881,0.011974359279832706
London,6e703d912d35d73b1d8d3d25f573291b2c3a84274192ebf8a10db96774889e4b,64,first_material_interaction_v1,"direct,all_specular,first_diffuse,total",5.125026455274308e-05,1.0111196567171477e-06,9,-0.8959819964250684,10.986713699103108,56.341151825947826,,0.0002039226809910019,0.00015166129678154133,1.285907671038236,0.5832551650144725,0.5832551650144725,0.46704897610598395,0.8745482454793991,0.01207939565579281
London,6e703d912d35d73b1d8d3d25f573291b2c3a84274192ebf8a10db96774889e4b,64,first_material_interaction_v1,"direct,all_specular,first_diffuse,total",3.912073460025488e-05,2.239408412480373e-06,10,-4.4611094454467946,6.177217160419802,56.34434362873259,,0.00019451563229074808,0.00015315548927801267,1.0382194217282705,0.5464995968667534,0.5464996655072559,0.4453404034670578,0.833898987940022,0.011517941822375997
London,6e703d912d35d73b1d8d3d25f573291b2c3a84274192ebf8a10db96774889e4b,64,first_material_interaction_v1,"direct,all_specular,first_diffuse,total",3.937966158724693e-05,1.847198431019154e-06,11,-5.713820618116618,0.4741900575584621,56.34720004630598,,0.00019859282059059394,0.00015736596057232784,1.0105274703243663,0.6266048621106493,0.6266048621106493,0.45318101686990314,0.8485805203825312,0.011720725419648215
London,6e703d912d35d73b1d8d3d25f573291b2c3a84274192ebf8a10db96774889e4b,64,first_material_interaction_v1,"direct,all_specular,first_diffuse,total",3.5724296975653655e-05,2.8383691312982214e-06,12,-7.881277627233339,-5.052476958836749,56.34958712052474,,0.00020881826176341576,0.000170255595656464,0.8866708187092732,0.7430501338269135,0.7430501338269135,0.4754033019177569,0.8901917033492046,0.012295465515872994
London,6e703d912d35d73b1d8d3d25f573291b2c3a84274192ebf8a10db96774889e4b,64,first_material_interaction_v1,"direct,all_specular,first_diffuse,total",4.446622586765754e-05,9.370725794674148e-06,13,-10.877656178105028,-10.244453129912408,56.37985490832794,,0.00024689550870161893,0.00019305855703928733,1.0682413385694929,0.9342312223738363,0.9342340812303837,0.5434339130566255,1.0175788825406387,0.014054956941169042
London,6e703d912d35d73b1d8d3d25f573291b2c3a84274192ebf8a10db96774889e4b,64,first_material_interaction_v1,"direct,all_specular,first_diffuse,total",4.320451478540393e-05,8.381976830565778e-06,14,-14.9307960587742,-14.631240180834578,56.35394325413768,,0.00027828231511902666,0.00022669582350305677,0.8904208869434096,0.8512143898791785,0.8512143898791785,0.6027950919998333,1.1287325678076643,0.015590228837122437
London,6e703d912d35d73b1d8d3d25f573291b2c3a84274192ebf8a10db96774889e4b,64,first_material_interaction_v1,"direct,all_specular,first_diffuse,total",4.399904989184227e-05,5.858212725976369e-06,15,-20.255529173080877,-17.228141527707066,56.35572080480618,,0.00025717419368772524,0.00020731693106990613,0.9359261555831005,0.9551016560769486,0.9551016560769486,0.5780073220291041,1.0823175196086743,0.014949137011169534
London,6e703d912d35d73b1d8d3d25f573291b2c3a84274192ebf8a10db96774889e4b,64,first_material_interaction_v1,"direct,all_specular,first_diffuse,total",4.1698486852664404e-05,2.214621770596568e-06,16,-26.02165747772011,-18.86564185967983,56.35644642901963,,0.0002666622461769498,0.00022274913755368855,0.781455017853145,1.1235371607630622,1.1235371607630622,0.5825599937137956,1.0908423879582139,0.015066883811577534
London,6e703d912d35d73b1d8d3d25f573291b2c3a84274192ebf8a10db96774889e4b,64,first_material_interaction_v1,"direct,all_specular,first_diffuse,total",4.1992078940660094e-05,3.3156050500101864e-06,17,-26.471693576908546,-24.290776382360463,56.357069248633586,,0.0002960133091508948,0.00025070562516022436,0.7214715948556149,1.3113272762585106,1.3113283729733491,0.6247055700341143,1.169759892783851,0.01615690459646203
London,6e703d912d35d73b1d8d3d25f573291b2c3a84274192ebf8a10db96774889e4b,64,first_material_interaction_v1,"direct,all_specular,first_diffuse,total",5.103346236035639e-05,7.67659465979471e-06,18,-26.78920057187347,-29.808478768944,56.35742717683991,,0.00035863810555576594,0.0002999280485356147,0.7763934996405533,1.6690434780197891,1.669043509726794,0.7387621156581984,1.3833305394698396,0.01910677540704199
London,6e703d912d35d73b1d8d3d25f573291b2c3a84274192ebf8a10db96774889e4b,64,first_material_interaction_v1,"direct,all_specular,first_diffuse,total",5.525284710862097e-05,1.303978613855128e-05,19,-31.962683377190068,-32.08252374792201,56.35747567594469,,0.00042533412701152286,0.00035704149376435097,0.7601153925846483,2.016908442480372,2.016908442480372,0.790724331648639,1.4806296818521782,0.020450686213427865
London,6e703d912d35d73b1d8d3d25f573291b2c3a84274192ebf8a10db96774889e4b,64,first_material_interaction_v1,"direct,all_specular,first_diffuse,total",4.5133768691344094e-05,6.6482009397912315e-06,20,-34.63929221581331,-37.452418078819406,56.357324712273744,,0.00035244999428506114,0.0003006680246539255,0.6901026351504886,1.6903233835542828,1.6903233835542828,0.6462774797249247,1.2101532492344544,0.016714823884453778
London,6e703d912d35d73b1d8d3d25f573291b2c3a84274192ebf8a10db96774889e4b,64,first_material_interaction_v1,"direct,all_specular,first_diffuse,total",4.759498221752716e-05,2.972675219088002e-06,21,-36.01991738788527,-40.22227042990739,56.345890671930256,,0.00025276878275174027,0.00020220112531512527,0.9693986878003303,0.9974347664720389,0.9974347664720389,0.5143438722809757,0.96310784112357,0.013302594490657037
Milan,b9d558c3fd7b07f518b22ba347a856971c655d57417e6f10f3f0067a280a9c82,64,first_material_interaction_v1,"direct,all_specular,first_diffuse,total",3.36215064187083e-05,6.27231351404822e-07,0,26.588173942811174,-57.03552744494526,164.31683862990653,,0.00014566017601556848,0.00011141143824545537,1.164110497085597,0.484343751750846,0.484343751750846,0.30104631295403506,0.5637086007490782,0.0077860303970867135
Milan,b9d558c3fd7b07f518b22ba347a856971c655d57417e6f10f3f0067a280a9c82,64,first_material_interaction_v1,"direct,all_specular,first_diffuse,total",2.9180414640896286e-05,5.725448009621641e-07,1,23.4868104270267,-51.899230691158444,164.34082758142014,,0.0001457849718793187,0.00011603201243746022,0.9913493277807892,0.5072271345513345,0.5072271345513345,0.3022932723526157,0.5660435296537617,0.00781828079632267
Milan,b9d558c3fd7b07f518b22ba347a856971c655d57417e6f10f3f0067a280a9c82,64,first_material_interaction_v1,"direct,all_specular,first_diffuse,total",3.4884720522143285e-05,7.347057288198573e-07,2,20.385446911242227,-46.76293393737163,164.51569090923073,,0.00016191833714500394,0.00012629891089404094,1.0789642955708076,0.5760464853937924,0.5760464853937924,0.33036973547251036,0.6186166489987421,0.008544428853573786
Milan,b9d558c3fd7b07f518b22ba347a856971c655d57417e6f10f3f0067a280a9c82,64,first_material_interaction_v1,"direct,all_specular,first_diffuse,total",2.83326748362707e-05,1.5878060543273863e-06,3,18.849961145990132,-41.24055204358128,164.50475366303814,,0.000181603905758341,0.00015168342486774296,0.7818705860261056,0.7542860388714083,0.7542860388714083,0.34992552482869044,0.655234824276641,0.009050204755202223
Milan,b9d558c3fd7b07f518b22ba347a856971c655d57417e6f10f3f0067a280a9c82,64,first_material_interaction_v1,"direct,all_specular,first_diffuse,total",3.930359937627599e-05,9.294708197874469e-07,4,19.19209197502014,-35.25829046142762,164.33082586286372,,0.00019599439683686752,0.0001557613266408039,0.9978401828239607,0.8216759674343096,0.8216763113954512,0.3485980326398393,0.6527490978881009,0.009015871517791447
Milan,b9d558c3fd7b07f518b22ba347a856971c655d57417e6f10f3f0067a280a9c82,64,first_material_interaction_v1,"direct,all_specular,first_diffuse,total",4.063528883116164e-05,7.56779437805079e-07,5,15.40088809847376,-30.607831003862195,164.33160530058515,,0.00017607680078993406,0.00013468473252096718,1.1638377062304492,0.6391866986224302,0.6391866986224302,0.33484242933869,0.6269917590478998,0.008660107169169887
Milan,b9d558c3fd7b07f518b22ba347a856971c655d57417e6f10f3f0067a280a9c82,64,first_material_interaction_v1,"direct,all_specular,first_diffuse,total",4.865578136147368e-05,8.12856605660066e-07,6,11.609684221927383,-25.95737154629677,164.47218677044935,,0.0002182888864269771,0.0001688202484598431,1.1160709026981053,0.8967702825988597,0.8967702825988597,0.42629256530164317,0.7982319502202798,0.011025303179838119
Milan,b9d558c3fd7b07f518b22ba347a856971c655d57417e6f10f3f0067a280a9c82,64,first_material_interaction_v1,"direct,all_specular,first_diffuse,total",4.933833883366382e-05,6.701086820323473e-07,7,7.899383702137346,-21.244543207637175,164.46407767743412,,0.00019379077320372468,0.00014378232568802834,1.2962759143843519,0.7336960398705387,0.7336960398705387,0.4030663611568883,0.7547409308130729,0.010424598491893266
Milan,b9d558c3fd7b07f518b22ba347a856971c655d57417e6f10f3f0067a280a9c82,64,first_material_interaction_v1,"direct,all_specular,first_diffuse,total",4.3989069782499185e-05,5.600918030119894e-07,8,4.366772825813578,-16.39473286119279,164.457347078578,,0.00017882455949419924,0.00013427539790868812,1.2443071587462393,0.6242389652574267,0.6242389652574267,0.3817991029063596,0.7149180335567117,0.00987455847454022
Milan,b9d558c3fd7b07f518b22ba347a856971c655d57417e6f10f3f0067a280a9c82,64,first_material_interaction_v1,"direct,all_specular,first_diffuse,total",4.5916423425251356e-05,5.031344289051599e-07,9,1.4245161156183705,-11.354193257762049,164.45049990328056,,0.00017419548604765005,0.00012777592819349358,1.3458785242998317,0.5891495716032217,0.5891495716032217,0.3792126511523977,0.7100749079763847,0.009807664474811944
Milan,b9d558c3fd7b07f518b22ba347a856971c655d57417e6f10f3f0067a280a9c82,64,first_material_interaction_v1,"direct,all_specular,first_diffuse,total",3.9566077784176405e-05,4.731716837941466e-07,10,1.7083765575338696,-5.363421290640577,164.52404404354417,,0.00015963384545430296,0.00011959459598633231,1.2541341956351084,0.5261026591412412,0.5261026591412412,0.3480124302898276,0.6516525586942428,0.009000725948815513
Milan,b9d558c3fd7b07f518b22ba347a856971c655d57417e6f10f3f0067a280a9c82,64,first_material_interaction_v1,"direct,all_specular,first_diffuse,total",3.430411387874952e-05,4.912355704514263e-07,11,0.4542136798039671,0.14515948842156323,164.52308433384556,,0.000151049195675662,0.00011625384622646127,1.1371108672072863,0.47266583109292726,0.47266583109292726,0.32962323793797393,0.6172188339033606,0.008525122015239783
Milan,b9d558c3fd7b07f518b22ba347a856971c655d57417e6f10f3f0067a280a9c82,64,first_material_interaction_v1,"direct,all_specular,first_diffuse,total",3.5885424508842256e-05,4.896189015346581e-07,12,-3.2428278012692364,4.87082180043922,164.58850780684443,,0.0001578715441936457,0.00012149650078326862,1.137400869527054,0.46265960947909385,0.46265960947909385,0.34563381539912985,0.6471986072121636,0.008939207281935964
Milan,b9d558c3fd7b07f518b22ba347a856971c655d57417e6f10f3f0067a280a9c82,64,first_material_interaction_v1,"direct,all_specular,first_diffuse,total",3.64063850251998e-05,4.755245967896283e-07,13,-6.939869282342439,9.596484112456878,164.65339405626665,,0.00015816370199001528,0.00012128179236802602,1.1531121497528272,0.43321168363313356,0.43321168363313356,0.34630281068180635,0.6484512995006183,0.00895650966161075
Milan,b9d558c3fd7b07f518b22ba347a856971c655d57417e6f10f3f0067a280a9c82,64,first_material_interaction_v1,"direct,all_specular,first_diffuse,total",3.7124204475513994e-05,4.869638675511117e-07,14,-10.636910763415642,14.322146424474534,164.65571659542337,,0.00015796274603708526,0.00012035157769402032,1.1810288710689232,0.44429900225208463,0.44429900225208463,0.3441911764200588,0.6444972686961777,0.008901895976466552
Milan,b9d558c3fd7b07f518b22ba347a856971c655d57417e6f10f3f0067a280a9c82,64,first_material_interaction_v1,"direct,all_specular,first_diffuse,total",3.672979638525514e-05,4.82451110610728e-07,15,-14.850547170196544,17.9614540621995,164.6601330884576,,0.00015668891658780356,0.0001194766690919376,1.1775517133519737,0.42674576273168735,0.42674576273168735,0.33979627980298915,0.6362678338356905,0.008788229749111746
Milan,b9d558c3fd7b07f518b22ba347a856971c655d57417e6f10f3f0067a280a9c82,64,first_material_interaction_v1,"direct,all_specular,first_diffuse,total",3.78118663606133e-05,5.708030422634381e-07,16,-20.848484870436085,17.806869493928527,164.66857367480654,,0.0001659536273851084,0.00012757095798223155,1.142349327473175,0.4910862586474309,0.4910862586474309,0.35908104418108816,0.6723785154005353,0.009286996069068168
Milan,b9d558c3fd7b07f518b22ba347a856971c655d57417e6f10f3f0067a280a9c82,64,first_material_interaction_v1,"direct,all_specular,first_diffuse,total",3.374028560576042e-05,5.764505881126834e-07,17,-24.721346878060345,22.067247661109988,164.62051629909786,,0.00016913799197095715,0.00013482125577708384,0.9848280227558991,0.5199004437046423,0.5199004437046423,0.3605490842610567,0.6751274174256169,0.009324964329083101
Milan,b9d558c3fd7b07f518b22ba347a856971c655d57417e6f10f3f0067a280a9c82,64,first_material_interaction_v1,"direct,all_specular,first_diffuse,total",3.717246136664479e-05,6.103711082788474e-07,18,-28.345417457578343,26.84910006730908,164.59346377286474,,0.00017772463057037113,0.0001399417980954474,1.0380017033941338,0.542055686837066,0.542055686837066,0.3760440214351507,0.7041416553592897,0.009725713471813398
Milan,b9d558c3fd7b07f518b22ba347a856971c655d57417e6f10f3f0067a280a9c82,64,first_material_interaction_v1,"direct,all_specular,first_diffuse,total",3.4840477064203014e-05,8.316830991205917e-07,19,-31.96948803709634,31.630952473508174,164.6632037120503,,0.00017507952739667022,0.00013940736723334668,0.9894964018150686,0.5413985192872783,0.5413985192872783,0.3648716091111451,0.6832213363015417,0.009436758788695333
Milan,b9d558c3fd7b07f518b22ba347a856971c655d57417e6f10f3f0067a280a9c82,64,first_material_interaction_v1,"direct,all_specular,first_diffuse,total",3.2289566036173684e-05,7.688501416327443e-07,20,-33.55942251101481,37.11327259022367,164.62593999898866,,0.0001739133776840941,0.00014085496150628766,0.9156084061010945,0.568607249560913,0.568607249560913,0.35846509806472276,0.6712251575666986,0.009271065712247218
Milan,b9d558c3fd7b07f518b22ba347a856971c655d57417e6f10f3f0067a280a9c82,64,first_material_interaction_v1,"direct,all_specular,first_diffuse,total",3.3341551093786394e-05,8.046781896766604e-07,21,-33.80940491406622,43.105981845586136,164.61302269514937,,0.00017426741077026373,0.00014012118148680068,0.947123879990991,0.5900569660191834,0.5900569660191834,0.3522947665219043,0.6596712244657434,0.009111481000908061
Milan,b9d558c3fd7b07f518b22ba347a856971c655d57417e6f10f3f0067a280a9c82,64,first_material_interaction_v1,"direct,all_specular,first_diffuse,total",3.0507130480303355e-05,1.1878708734672638e-06,22,-34.357704175385514,47.25693424375164,164.52430627544993,,0.00017068901584615237,0.00013899401449238188,0.8920947575349332,0.6117569842144813,0.6117569842144813,0.33747589806678585,0.6319229238154219,0.008728217179771021
Krakow,18ba67b1ad74d10ee0654a390a09cc3aa2baa14e033da71ff8ccd00650ed3559,64,first_material_interaction_v1,"direct,all_specular,first_diffuse,total",9.86085897821262e-05,2.9133423064634978e-06,0,-24.73218343293656,-48.97535876609259,252.36839200338088,,0.0005807388399607864,0.00047921690787219596,0.8344874017217132,2.7510893024700445,2.7510893024700445,0.9995547986417379,1.8716643010352747,0.025851716865128088
Krakow,18ba67b1ad74d10ee0654a390a09cc3aa2baa14e033da71ff8ccd00650ed3559,64,first_material_interaction_v1,"direct,all_specular,first_diffuse,total",9.993324280001811e-05,5.64130040093568e-06,1,-27.478989319825782,-43.64103055911556,252.43463323705592,,0.0005905179400074793,0.000484943396806526,0.8554204589863181,2.925478225695826,2.925478225695826,0.9502488780181461,1.7793390662544923,0.024576506439979176
Krakow,18ba67b1ad74d10ee0654a390a09cc3aa2baa14e033da71ff8ccd00650ed3559,64,first_material_interaction_v1,"direct,all_specular,first_diffuse,total",5.312513843707942e-05,1.636819644193775e-05,2,-30.22579520671501,-38.306702352138544,252.60486252214545,,0.0004539345109562584,0.00038444117607724145,0.72163304626953,2.3990087374818367,2.3990087374818367,0.7407792371240676,1.3871075952587266,0.019158944685894005
Krakow,18ba67b1ad74d10ee0654a390a09cc3aa2baa14e033da71ff8ccd00650ed3559,64,first_material_interaction_v1,"direct,all_specular,first_diffuse,total",1.623933568076395e-05,1.2465727602115005e-06,3,-26.60929423694953,-21.313539698316163,252.9438973221857,,7.922552216587811e-05,6.173961372490271e-05,1.083012022717325,0.3787398348658524,0.3787398348658524,0.16025442924128494,0.30007608857591245,0.004144697356020889
Krakow,18ba67b1ad74d10ee0654a390a09cc3aa2baa14e033da71ff8ccd00650ed3559,64,first_material_interaction_v1,"direct,all_specular,first_diffuse,total",2.144208722168175e-05,4.200845435042916e-06,4,-25.31314895449068,-15.45521165980896,253.46665653981677,,0.00011772793774476534,9.208500508804066e-05,1.0669062006121264,0.45758395144641156,0.45758395144641156,0.2540528595288424,0.4757134560328328,0.006570627845757361
Krakow,18ba67b1ad74d10ee0654a390a09cc3aa2baa14e033da71ff8ccd00650ed3559,64,first_material_interaction_v1,"direct,all_specular,first_diffuse,total",2.519127342359766e-05,3.7692301286713984e-06,5,-20.89219796963778,-4.446655040775435,253.12268973653593,,0.00012325241352074498,9.429190996847603e-05,1.1632099950239658,0.46030967521065475,0.46031710913079527,0.26539829350643235,0.496957757780434,0.006864057427906545
Krakow,18ba67b1ad74d10ee0654a390a09cc3aa2baa14e033da71ff8ccd00650ed3559,64,first_material_interaction_v1,"direct,all_specular,first_diffuse,total",6.001993437317781e-05,1.0235697575778032e-06,6,-12.376938883924524,11.411792635563444,252.7704987351225,,0.00023704533877643328,0.00017600183464567764,1.2931422490843123,1.2239681788001695,1.2239681788001695,0.5124058476203338,0.9594788939395046,0.013252470910766638
Krakow,18ba67b1ad74d10ee0654a390a09cc3aa2baa14e033da71ff8ccd00650ed3559,64,first_material_interaction_v1,"direct,all_specular,first_diffuse,total",6.867767598380319e-05,9.780896640374647e-07,7,-9.53851918868677,16.697941861009735,252.61818954470917,,0.00029753215046865455,0.0002278763848208142,1.158345803040219,1.4567418195719788,1.4567418195719788,0.6254863982996585,1.1712219921023117,0.01617709933842972
Krakow,18ba67b1ad74d10ee0654a390a09cc3aa2baa14e033da71ff8ccd00650ed3559,64,first_material_interaction_v1,"direct,all_specular,first_diffuse,total",7.250895591474209e-05,1.233660645567725e-06,8,-6.700099493449018,21.98409108645603,252.73483624572188,,0.0003758731812577036,0.00030213056469739405,0.9484667728090429,1.8603354480613234,1.8603354480613234,0.7912374550599613,1.4815905043826705,0.020463957242854564
Krakow,18ba67b1ad74d10ee0654a390a09cc3aa2baa14e033da71ff8ccd00650ed3559,64,first_material_interaction_v1,"direct,all_specular,first_diffuse,total",7.518709538285146e-05,1.9777512641087706e-06,9,-3.8616797982112665,27.270240311902324,252.74378717575533,,0.0005642182113137717,0.00048705336466681176,0.638705519119062,3.228098515555653,3.228098515555653,1.184508956178936,2.217990579955479,0.03063522900490993
Krakow,18ba67b1ad74d10ee0654a390a09cc3aa2baa14e033da71ff8ccd00650ed3559,64,first_material_interaction_v1,"direct,all_specular,first_diffuse,total",0.00013691374842934157,4.323189537913147e-06,10,-1.0232601029735129,32.55638953734861,252.62019142002904,,0.0010520574674067389,0.0009108205294394846,0.6260665245900963,6.2459920360826935,6.2459920360826935,1.8193452690976093,3.4067202679179043,0.0470541473469324
Krakow,18ba67b1ad74d10ee0654a390a09cc3aa2baa14e033da71ff8ccd00650ed3559,64,first_material_interaction_v1,"direct,all_specular,first_diffuse,total",0.0001490959796370442,6.1528716087199555e-06,11,1.8151595922642372,37.8425387627949,252.7343377354561,,0.001398468884357919,0.0012432200331121547,0.5110480816588107,8.142021126502886,8.142021126502886,2.1276376589395887,3.9839971327102863,0.05502758470594318
Krakow,18ba67b1ad74d10ee0654a390a09cc3aa2baa14e033da71ff8ccd00650ed3559,64,first_material_interaction_v1,"direct,all_specular,first_diffuse,total",0.00016610040363904417,6.880166781873449e-06,12,4.804485183894643,43.044014105661205,252.65646388125856,,0.001282591411159072,0.0011096108407381553,0.6291763626843487,7.242649524930152,7.242649524930152,1.9905456526552527,3.727292633398827,0.051481942450260026
Krakow,18ba67b1ad74d10ee0654a390a09cc3aa2baa14e033da71ff8ccd00650ed3559,64,first_material_interaction_v1,"direct,all_specular,first_diffuse,total",0.00012794567802420264,6.46411927074238e-06,13,8.028313798550487,48.104122123612065,252.75136916800065,,0.0008151091566476112,0.0006806993593526658,0.7826043001138059,4.85872947631763,4.85872947631763,1.4895072676993,2.789099289877552,0.03852347085466233
Krakow,18ba67b1ad74d10ee0654a390a09cc3aa2baa14e033da71ff8ccd00650ed3559,64,first_material_interaction_v1,"direct,all_specular,first_diffuse,total",0.00011946192282883008,3.1321957347686784e-06,14,11.166702370680614,53.21772656596534,252.97640652361787,,0.0004419749661382542,0.0003193808475746552,1.410888021225224,2.625781397475405,2.625781397475405,0.9550618798925818,1.7883514023479594,0.02470098622027568
Krakow,18ba67b1ad74d10ee0654a390a09cc3aa2baa14e033da71ff8ccd00650ed3559,64,first_material_interaction_v1,"direct,all_specular,first_diffuse,total",5.0701500720323184e-05,1.0887070441436093e-06,15,12.68595491480455,55.59419363314354,253.01764390708087,,0.00029325019495918893,0.00024145998719472166,0.8439313625175362,1.7467505515797315,1.7467505515797315,0.6499638621308402,1.217055992694335,0.016810165644949374
Toulouse,b6ee8bb05f88f3cc3f5333f40d92e4d41f238cd2141d769adb5033c8dd82246f,64,first_material_interaction_v1,"direct,all_specular,first_diffuse,total",4.8271439261260984e-05,3.890016176583801e-06,0,-39.32855814138633,40.2839191777758,192.39513148674257,,0.0005676117995856953,0.00051545034414785,0.41864581124228833,2.4800591123356464,2.4800591123356464,1.1069149238651588,2.072695914317915,0.028628396606601037
Toulouse,b6ee8bb05f88f3cc3f5333f40d92e4d41f238cd2141d769adb5033c8dd82246f,64,first_material_interaction_v1,"direct,all_specular,first_diffuse,total",6.7110512044479e-05,8.250981808299158e-06,1,-38.334365954466094,34.36686062681767,192.68098920420377,,0.0006104556738039331,0.0005350941799511548,0.5722390726787632,2.610614600562883,2.610614600562883,1.1683295816262735,2.1876947344406084,0.030216778100008404
Toulouse,b6ee8bb05f88f3cc3f5333f40d92e4d41f238cd2141d769adb5033c8dd82246f,64,first_material_interaction_v1,"direct,all_specular,first_diffuse,total",9.13859346615837e-05,2.988247565981099e-06,2,-37.28356070559281,28.459892331349085,192.39533654389757,,0.0006169559781975921,0.000522581795970027,0.7209989972891804,2.64054254801666,2.64054254801666,1.176453059543479,2.2029059301034613,0.030426877487616872
Toulouse,b6ee8bb05f88f3cc3f5333f40d92e4d41f238cd2141d769adb5033c8dd82246f,64,first_material_interaction_v1,"direct,all_specular,first_diffuse,total",9.871562652339381e-05,1.6394541217143519e-06,3,-36.17225560269074,22.563707041836565,192.39542941239074,,0.000626863298692441,0.0005265082180473323,0.75767689411324,2.7395311461350245,2.7395311461350245,1.1878798586892683,2.224302587960876,0.030722411435923695
Toulouse,b6ee8bb05f88f3cc3f5333f40d92e4d41f238cd2141d769adb5033c8dd82246f,64,first_material_interaction_v1,"direct,all_specular,first_diffuse,total",0.00011053311271144877,1.5413591385296205e-06,4,-35.06095049978866,16.66752175232405,192.3957982086072,,0.0006458700884830716,0.000533795616633093,0.8277016880312411,2.8429150747220064,2.8429150747220064,1.2039354749074547,2.254366696249423,0.031137661550406395
Toulouse,b6ee8bb05f88f3cc3f5333f40d92e4d41f238cd2141d769adb5033c8dd82246f,64,first_material_interaction_v1,"direct,all_specular,first_diffuse,total",0.0001082785632663082,1.6817978939374008e-06,5,-34.09313223730032,10.746401575187829,192.39637330225221,,0.0006519489363403331,0.000541988575180088,0.8022344916210327,2.897557072189654,2.897557072189654,1.2000848847883474,2.2471564741849144,0.031038072847857923
Toulouse,b6ee8bb05f88f3cc3f5333f40d92e4d41f238cd2141d769adb5033c8dd82246f,64,first_material_interaction_v1,"direct,all_specular,first_diffuse,total",9.880387112292935e-05,1.5964053542619276e-06,6,-33.0645354981181,4.835767205817069,192.50433893290062,,0.0005915296765537392,0.000491129400076548,0.8078060498059759,2.7320457131815474,2.7320457131815474,1.0969406219573654,2.054019054546011,0.028370428930193523
Toulouse,b6ee8bb05f88f3cc3f5333f40d92e4d41f238cd2141d769adb5033c8dd82246f,64,first_material_interaction_v1,"direct,all_specular,first_diffuse,total",0.0001804142994325324,2.020782831589988e-05,7,-31.95443839131167,-1.0606038677493057,194.65804660582194,,0.0009494846378168954,0.0007488625100684627,1.0308585320197712,3.8747482918131175,3.8747482918131175,1.9628796585369894,3.675488116413695,0.05076641044770295
Toulouse,b6ee8bb05f88f3cc3f5333f40d92e4d41f238cd2141d769adb5033c8dd82246f,64,first_material_interaction_v1,"direct,all_specular,first_diffuse,total",6.223624225328744e-05,2.093575017609465e-06,8,-30.7914705604032,-6.9468170667654645,192.6968329985544,,0.001587400719208334,0.0015230709019374386,0.17966451670267425,10.996678435248906,10.996678435248906,2.34532564671126,4.39161744130177,0.060657699465494035
Toulouse,b6ee8bb05f88f3cc3f5333f40d92e4d41f238cd2141d769adb5033c8dd82246f,64,first_material_interaction_v1,"direct,all_specular,first_diffuse,total",9.029942805744135e-05,1.270373963183422e-06,9,-29.628502729494734,-12.833030265781623,192.55449220215954,,0.0006439696270118602,0.0005523998249912347,0.6661185191981069,3.004761388828768,3.004761388828768,1.1961913909100648,2.2398659149197444,0.030937374515466094
Toulouse,b6ee8bb05f88f3cc3f5333f40d92e4d41f238cd2141d769adb5033c8dd82246f,64,first_material_interaction_v1,"direct,all_specular,first_diffuse,total",9.609640477118549e-05,1.1180678428234172e-06,10,-28.361960054415917,-18.695092221666005,192.57720108268748,,0.0005859246086196581,0.0004887101360056484,0.7879039207122545,2.829632942091309,2.829632942091309,1.0453348927407151,1.9573874329131122,0.027035738023661764
Toulouse,b6ee8bb05f88f3cc3f5333f40d92e4d41f238cd2141d769adb5033c8dd82246f,64,first_material_interaction_v1,"direct,all_specular,first_diffuse,total",8.177513822700655e-05,9.890476160416746e-07,11,-27.71777158267466,-24.037379122698713,192.65354657740468,,0.0005302240100642975,0.00044745982422125016,0.7370534225091907,2.5689293572652643,2.5689293572652643,0.9708558730146591,1.817925621928074,0.025109469916133616
Toulouse,b6ee8bb05f88f3cc3f5333f40d92e4d41f238cd2141d769adb5033c8dd82246f,64,first_material_interaction_v1,"direct,all_specular,first_diffuse,total",9.009519562852362e-05,1.2515189393368773e-06,12,-33.26152177001174,-26.332337479706553,192.71186525674764,,0.0004930698970130409,0.00040172318244518026,0.8898159421149004,2.2994393343527375,2.2994393343527375,0.9755803679762188,1.8267722290095356,0.025231660621678666
Toulouse,b6ee8bb05f88f3cc3f5333f40d92e4d41f238cd2141d769adb5033c8dd82246f,64,first_material_interaction_v1,"direct,all_specular,first_diffuse,total",8.742444101139032e-05,9.50393505568318e-07,13,-38.805271957348815,-28.627295836714396,192.7428074236603,,0.00043676593124669026,0.0003483910967297318,0.9818170713059361,2.041375011506632,2.041375011506632,0.9194917585147067,1.7217464233543835,0.02378102794688375
Toulouse,b6ee8bb05f88f3cc3f5333f40d92e4d41f238cd2141d769adb5033c8dd82246f,64,first_material_interaction_v1,"direct,all_specular,first_diffuse,total",8.232458436547584e-05,8.041522622563647e-07,14,-42.85817556191003,-30.305085182035306,192.7633310532917,,0.000397412784581402,0.00031428404795367,1.0191949585924727,1.9170389167547437,1.9170389167547437,0.8587827348828984,1.60806890168497,0.022210896432112857
