SiteCode,AntennaLabel,Operator,Technology,Latitude,Longitude,CenterHeight,Power,Frequency,FrequencyBand,Electrical_Tilt,Mechanical_Tilt,Azimuth,Gain,Horizontal_Beamwidth,Vertical_Beamwidth
SITE(02FAL),ANT(BRFLO11C181P_01),Proximus,4G/5G,50.850564096,4.353868853,7.93,40.8,1817.5,Band1800MHz,0,0,297,6.15,168,100
SITE(02FAL),ANT(BRFLO11C081P_01),Proximus,4G/5G,50.850564096,4.353868853,7.93,40.8,806.0,Band800MHz,0,0,297,6.15,158,90
SITE(02FAL),ANT(BRFLO11A091P_01)/ANT(BRFLO11B091P_01),Proximus,2G/3G,50.850564096,4.353868853,7.93,40.8,945.0,Band900MHz,0,0,297,6.15,158,90
SITE(02KAM),ANT(BRKAM11C081P_01),Proximus,4G,50.845967499,4.352739377,8.51,42.4,806.0,Band800MHz,0,0,210,6.15,158,90
SITE(02KAM),ANT(BRKAM11A091P_01)/ANT(BRKAM11B091P_01),Proximus,2G/4G,50.845967499,4.352739377,8.51,39.4,945.0,Band900MHz,0,0,210,6.15,158,90
SITE(02KAM),ANT(BRKAM11C081P_02),Proximus,4G,50.845974442,4.352733903,8.51,42.4,806.0,Band800MHz,0,0,290,6.15,158,90
SITE(02KAM),ANT(BRKAM11A091P_02)/ANT(BRKAM11B091P_02),Proximus,2G/4G,50.845974442,4.352733903,8.51,39.4,945.0,Band900MHz,0,0,290,6.15,158,90
SITE(02MHB),ANT(BRHER11C081P_01),Proximus,4G,50.846766135,4.354005511,6.34,39.6,806.0,Band800MHz,0,0,55,6.15,158,90
SITE(02MHB),ANT(BRHER11A091P_01)/ANT(BRHER11B091P_01),Proximus,2G/4G,50.846766135,4.354005511,6.34,36.6,945.0,Band900MHz,0,0,55,6.15,158,90
SITE(02NIM),ANT(BRNIM11S081P),Proximus,4G,50.853627325,4.356939553,5,40.9,806.0,Band800MHz,0,0,300,5.7,192,102
SITE(02NIM),ANT(BRNIM11A091P)/ANT(BRNIM11B091P),Proximus,2G,50.853627325,4.356939553,5,37.9,945.0,Band900MHz,0,0,300,5.7,192,102
SITE(02OMM),ANT(BROMM21D351P),Proximus,5G,50.85283573,4.359117456,29.67,36.8,3750.0,Band3600MHz,-6,0,150,24.8,126,34
SITE(02OMM),ANT(BROMM31S141P),Proximus,4G/5G,50.852836908,4.359112873,29,43.9,1494.5,Band1400MHz,-7,0,250,15.57,103,14
SITE(02OMM),ANT(BROMM31S181P),Proximus,4G,50.852836908,4.359112873,29,44.0,1817.5,Band1800MHz,-3,0,250,16.24,105,12
SITE(02OMM),ANT(BROMM31S211P),Proximus,4G/5G,50.852836908,4.359112873,29,44.0,2122.5,Band2100MHz,-8,0,250,17.61,84,12
SITE(02OMM),ANT(BROMM31S261P),Proximus,4G,50.852836908,4.359112873,29,43.0,2630.0,Band2600MHz,-4,0,250,17.44,86,10
SITE(02OMM),ANT(BROMM31S071P),Proximus,5G,50.852836908,4.359112873,29,42.4,783.0,Band700MHz,-8,0,250,14.49,111,20
SITE(02OMM),ANT(BROMM31S081P),Proximus,4G,50.852836908,4.359112873,29,42.4,806.0,Band800MHz,-2,0,250,14.51,99,20
SITE(02OMM),ANT(BROMM31A091P)/ANT(BROMM31B091P),Proximus,2G,50.852836908,4.359112873,29,40.0,945.0,Band900MHz,-4,0,250,15.0,100,18
SITE(02OMM),ANT(BROMM21S141P),Proximus,4G/5G,50.852840082,4.35912752,29,40.0,1494.5,Band1400MHz,-7,0,150,15.57,103,15
SITE(02OMM),ANT(BROMM21S181P),Proximus,4G,50.852840082,4.35912752,29,41.0,1817.5,Band1800MHz,-3,0,150,16.24,105,13
SITE(02OMM),ANT(BROMM21S211P),Proximus,4G/5G,50.852840082,4.35912752,29,41.0,2122.5,Band2100MHz,-8,0,150,17.61,84,13
SITE(02OMM),ANT(BROMM21S261P),Proximus,4G,50.852840082,4.35912752,29,40.0,2630.0,Band2600MHz,-4,0,150,17.44,87,11
SITE(02OMM),ANT(BROMM21S071P),Proximus,5G,50.852840082,4.35912752,29,41.3,783.0,Band700MHz,-8,0,150,14.49,111,20
SITE(02OMM),ANT(BROMM21S081P),Proximus,4G,50.852840082,4.35912752,29,41.3,806.0,Band800MHz,-2,0,150,14.51,99,19
SITE(02OMM),ANT(BROMM21A091P)/ANT(BROMM21B091P),Proximus,2G,50.852840082,4.35912752,29,38.8,945.0,Band900MHz,-4,0,150,15.0,98,17
SITE(02OMM),ANT(BROMM31D351P),Proximus,5G,50.852842965,4.3591111,29.67,39.8,3750.0,Band3600MHz,-6,0,250,24.8,126,34
SITE(02OMM),ANT(BROMM11S141P),Proximus,4G/5G,50.85295661,4.35922815,29,42.6,1494.5,Band1400MHz,-7,0,30,15.57,103,14
SITE(02OMM),ANT(BROMM11S181P),Proximus,4G,50.85295661,4.35922815,29,44.0,1817.5,Band1800MHz,-3,0,30,16.24,105,12
SITE(02OMM),ANT(BROMM11S211P),Proximus,4G/5G,50.85295661,4.35922815,29,43.7,2122.5,Band2100MHz,-8,0,30,17.61,84,12
SITE(02OMM),ANT(BROMM11S261P),Proximus,4G,50.85295661,4.35922815,29,40.0,2630.0,Band2600MHz,-4,0,30,17.44,86,10
SITE(02OMM),ANT(BROMM11S071P),Proximus,5G,50.85295661,4.35922815,29,42.4,783.0,Band700MHz,-8,0,30,14.49,111,20
SITE(02OMM),ANT(BROMM11S081P),Proximus,4G,50.85295661,4.35922815,29,42.4,806.0,Band800MHz,-2,0,30,14.51,99,20
SITE(02OMM),ANT(BROMM11A091P)/ANT(BROMM11B091P),Proximus,2G,50.85295661,4.35922815,29,40.0,945.0,Band900MHz,-4,0,30,15.0,100,18
SITE(02OMM),ANT(BROMM11D351P),Proximus,5G,50.852960158,4.359218139,29.67,39.8,3750.0,Band3600MHz,-6,0,30,24.8,126,34
SITE(02PLS),ANT(BRPLS31D351P),Proximus,5G,50.848580217,4.365326909,36.54,38.8,3750.0,Band3600MHz,-5,0,180,21.9,126,32
SITE(02PLS),ANT(BRPLS31S141P),Proximus,4G/5G,50.848580523,4.365326692,35.93,43.0,1494.5,Band1400MHz,-8,0,180,15.87,106,11
SITE(02PLS),ANT(BRPLS31S181P),Proximus,4G,50.848580523,4.365326692,35.93,41.0,1817.5,Band1800MHz,-8,0,180,16.31,102,9
SITE(02PLS),ANT(BRPLS31S211P),Proximus,5G,50.848580523,4.365326692,35.93,41.0,2122.5,Band2100MHz,-8,0,180,17.36,92,8
SITE(02PLS),ANT(BRPLS31S261P),Proximus,4G,50.848580523,4.365326692,35.93,40.0,2630.0,Band2600MHz,-8,0,180,16.8,88,6
SITE(02PLS),ANT(BRPLS31S071P),Proximus,5G,50.848580523,4.365326692,35.93,41.2,783.0,Band700MHz,-8,0,180,15.4,103,10
SITE(02PLS),ANT(BRPLS31S081P),Proximus,4G,50.848580523,4.365326692,35.93,41.2,806.0,Band800MHz,-8,0,180,15.64,105,10
SITE(02PLS),ANT(BRPLS31A091P)/ANT(BRPLS31B091P),Proximus,2G,50.848580523,4.365326692,35.93,38.8,945.0,Band900MHz,-8,0,180,16.14,93,8
SITE(02PLS),ANT(BRPLS41D351P),Proximus,5G,50.848590274,4.365327505,36.54,41.8,3750.0,Band3600MHz,-5,0,270,21.9,126,32
SITE(02PLS),ANT(BRPLS41S141P),Proximus,4G/5G,50.848599554,4.365325825,35.93,49.0,1494.5,Band1400MHz,-9,0,270,15.88,105,14
SITE(02PLS),ANT(BRPLS41S181P),Proximus,4G,50.848599554,4.365325825,35.93,47.0,1817.5,Band1800MHz,-9,0,270,16.36,102,12
SITE(02PLS),ANT(BRPLS41S211P),Proximus,5G,50.848599554,4.365325825,35.93,47.0,2122.5,Band2100MHz,-8,0,270,17.36,92,11
SITE(02PLS),ANT(BRPLS41S261P),Proximus,4G,50.848599554,4.365325825,35.93,46.0,2630.0,Band2600MHz,-10,0,270,16.98,89,9
SITE(02PLS),ANT(BRPLS41S071P),Proximus,5G,50.848599554,4.365325825,35.93,43.0,783.0,Band700MHz,-8,0,270,15.4,103,14
SITE(02PLS),ANT(BRPLS41S081P),Proximus,4G,50.848599554,4.365325825,35.93,44.8,806.0,Band800MHz,-7,0,270,15.75,105,13
SITE(02PLS),ANT(BRPLS41A091P)/ANT(BRPLS41B091P),Proximus,2G,50.848599554,4.365325825,35.93,40.6,945.0,Band900MHz,-7,0,270,16.23,93,11
SITE(02PLS),ANT(BRPLS21D351P),Proximus,5G,50.848849527,4.365413296,37.5,41.8,3750.0,Band3600MHz,-5,0,90,21.9,126,32
SITE(02PLS),ANT(BRPLS21S141P),Proximus,4G/5G,50.848853033,4.365413367,36.52,43.0,1494.5,Band1400MHz,-9,0,90,15.88,107,16
SITE(02PLS),ANT(BRPLS21S181P),Proximus,4G,50.848853033,4.365413367,36.52,44.5,1817.5,Band1800MHz,-9,0,90,16.36,102,14
SITE(02PLS),ANT(BRPLS21S211P),Proximus,5G,50.848853033,4.365413367,36.52,44.5,2122.5,Band2100MHz,-8,0,90,17.36,93,13
SITE(02PLS),ANT(BRPLS21S261P),Proximus,4G,50.848853033,4.365413367,36.52,43.5,2630.0,Band2600MHz,-10,0,90,16.98,90,11
SITE(02PLS),ANT(BRPLS21S071P),Proximus,5G,50.848853033,4.365413367,36.52,42.4,783.0,Band700MHz,-8,0,90,15.4,103,14
SITE(02PLS),ANT(BRPLS21S081P),Proximus,4G,50.848853033,4.365413367,36.52,42.4,806.0,Band800MHz,-7,0,90,15.75,105,13
SITE(02PLS),ANT(BRPLS21A091P)/ANT(BRPLS21B091P),Proximus,2G,50.848853033,4.365413367,36.52,43.0,945.0,Band900MHz,-7,0,90,16.23,93,11
SITE(02PLS),ANT(BRPLS11S141P),Proximus,4G/5G,50.848854336,4.365396072,36.52,46.35,1494.5,Band1400MHz,-9,0,0,15.88,105,14
SITE(02PLS),ANT(BRPLS11S181P),Proximus,4G,50.848854336,4.365396072,36.52,46.35,1817.5,Band1800MHz,-9,0,0,16.36,102,12
SITE(02PLS),ANT(BRPLS11S211P),Proximus,5G,50.848854336,4.365396072,36.52,46.35,2122.5,Band2100MHz,-8,0,0,17.36,92,11
SITE(02PLS),ANT(BRPLS11S261P),Proximus,4G,50.848854336,4.365396072,36.52,45.35,2630.0,Band2600MHz,-10,0,0,16.98,89,9
SITE(02PLS),ANT(BRPLS11S071P),Proximus,5G,50.848854336,4.365396072,36.52,42.35,783.0,Band700MHz,-8,0,0,15.4,103,14
SITE(02PLS),ANT(BRPLS11S081P),Proximus,4G,50.848854336,4.365396072,36.52,44.15,806.0,Band800MHz,-7,0,0,15.75,105,13
SITE(02PLS),ANT(BRPLS11A091P)/ANT(BRPLS11B091P),Proximus,2G,50.848854336,4.365396072,36.52,44.75,945.0,Band900MHz,-7,0,0,16.23,93,11
SITE(02PLS),ANT(BRPLS11D351P),Proximus,5G,50.848855921,4.365400791,37.5,41.8,3750.0,Band3600MHz,-5,0,0,21.9,126,32
SITE(02RBC),ANT(BRBCH11S081P),Proximus,4G,50.848110818,4.3540855,7.1,39.5,806.0,Band800MHz,0,0,220,6.15,158,90
SITE(02RBC),ANT(BRBCH11A091P)/ANT(BRBCH11B091P),Proximus,2G/4G,50.848110818,4.3540855,7.1,36.5,945.0,Band900MHz,0,0,220,6.15,158,90
SITE(02ZND),ANT(BRZND21D351P),Proximus,5G,50.848713441,4.357739648,31.89,37.5,3750.0,Band3600MHz,-5,0,150,24.9,126,32
SITE(02ZND),ANT(BRZND11D351P),Proximus,5G,50.848718126,4.357735374,32,41.5,3750.0,Band3600MHz,-5,0,30,24.9,126,32
SITE(02ZND),ANT(BRZND21S141P),Proximus,4G/5G,50.848829509,4.357251384,31.21,40.0,1494.5,Band1400MHz,-4,0,150,15.9,96,12
SITE(02ZND),ANT(BRZND21S181P),Proximus,4G,50.848829509,4.357251384,31.21,41.0,1817.5,Band1800MHz,-4,0,150,16.74,96,11
SITE(02ZND),ANT(BRZND21S211P),Proximus,5G,50.848829509,4.357251384,31.21,41.0,2122.5,Band2100MHz,-4,0,150,17.27,90,10
SITE(02ZND),ANT(BRZND21S261P),Proximus,4G,50.848829509,4.357251384,31.21,40.0,2630.0,Band2600MHz,-4,0,150,17.4,80,8
SITE(02ZND),ANT(BRZND21S071P),Proximus,5G,50.848829509,4.357251384,31.21,40.8,783.0,Band700MHz,-4,0,150,15.72,102,12
SITE(02ZND),ANT(BRZND21S081P),Proximus,4G,50.848829509,4.357251384,31.21,40.8,806.0,Band800MHz,-4,0,150,16.33,100,12
SITE(02ZND),ANT(BRZND21A091P)/ANT(BRZND21B091P),Proximus,2G,50.848829509,4.357251384,31.21,43.0,945.0,Band900MHz,-4,0,150,16.6,96,10
SITE(02ZND),ANT(BRZND31S141P),Proximus,4G/5G,50.848832816,4.357251447,31.21,45.0,1494.5,Band1400MHz,-4,0,270,15.9,99,18
SITE(02ZND),ANT(BRZND31S181P),Proximus,4G,50.848832816,4.357251447,31.21,44.1,1817.5,Band1800MHz,-5,0,270,16.79,95,17
SITE(02ZND),ANT(BRZND31S211P),Proximus,5G,50.848832816,4.357251447,31.21,44.1,2122.5,Band2100MHz,-4,0,270,17.27,91,16
SITE(02ZND),ANT(BRZND31S261P),Proximus,4G,50.848832816,4.357251447,31.21,43.1,2630.0,Band2600MHz,-6,0,270,17.84,78,14
SITE(02ZND),ANT(BRZND31S071P),Proximus,5G,50.848832816,4.357251447,31.21,42.4,783.0,Band700MHz,-5,0,270,15.81,102,18
SITE(02ZND),ANT(BRZND31S081P),Proximus,4G,50.848832816,4.357251447,31.21,42.4,806.0,Band800MHz,-5,0,270,16.38,101,18
SITE(02ZND),ANT(BRZND31A091P)/ANT(BRZND31B091P),Proximus,2G,50.848832816,4.357251447,31.21,40.0,945.0,Band900MHz,-6,0,270,16.81,97,16
SITE(02ZND),ANT(BRZND31D351P),Proximus,5G,50.848862806,4.3572844,31.89,39.8,3750.0,Band3600MHz,-5,0,270,24.9,126,32
SITE(02ZND),ANT(BRZND11S141P),Proximus,4G/5G,50.848888014,4.357359039,31.32,46.0,1494.5,Band1400MHz,-4,0,30,15.9,98,16
SITE(02ZND),ANT(BRZND11S181P),Proximus,4G,50.848888014,4.357359039,31.32,44.0,1817.5,Band1800MHz,-5,0,30,16.79,95,15
SITE(02ZND),ANT(BRZND11S211P),Proximus,5G,50.848888014,4.357359039,31.32,44.0,2122.5,Band2100MHz,-4,0,30,17.27,91,14
SITE(02ZND),ANT(BRZND11S261P),Proximus,4G,50.848888014,4.357359039,31.32,43.0,2630.0,Band2600MHz,-6,0,30,17.84,78,12
SITE(02ZND),ANT(BRZND11S071P),Proximus,5G,50.848888014,4.357359039,31.32,42.4,783.0,Band700MHz,-5,0,30,15.81,102,16
SITE(02ZND),ANT(BRZND11S081P),Proximus,4G,50.848888014,4.357359039,31.32,42.4,806.0,Band800MHz,-5,0,30,16.38,101,16
SITE(02ZND),ANT(BRZND11A091P)/ANT(BRZND11B091P),Proximus,2G,50.848888014,4.357359039,31.32,43.0,945.0,Band900MHz,-6,0,30,16.81,97,14
SITE(40030B1),ANT(BRKTL31D351O),Orange,5G,50.854790588,4.356728521,38.06,39.8,3650.0,Band3600MHz,-5,-1,190,21.9,126,32
SITE(40030B1),ANT(BRKTL31S141O),Orange,4G/5G,50.854790588,4.356728522,37.37,0.0,1442.0,Band1400MHz,-6,-1,190,14.41,98,18
SITE(40030B1),ANT(BRKTL31S181O),Orange,4G/5G,50.854790588,4.356728522,37.37,44.0,1837.5,Band1800MHz,-8,-1,190,15.72,104,15
SITE(40030B1),ANT(BRKTL31S211O),Orange,4G/5G,50.854790588,4.356728522,37.37,44.0,2162.5,Band2100MHz,-6,-1,190,16.6,91,13
SITE(40030B1),ANT(BRKTL31S261O),Orange,4G/5G,50.854790588,4.356728522,37.37,42.0,2680.0,Band2600MHz,-8,-1,190,17.27,86,13
SITE(40030B1),ANT(BRKTL31S071O),Orange,4G/5G,50.854790588,4.356728522,37.37,39.0,773.0,Band700MHz,-8,-1,190,14.3,105,21
SITE(40030B1),ANT(BRKTL31S081O),Orange,4G/5G,50.854790588,4.356728522,37.37,40.0,816.0,Band800MHz,-5,-1,190,14.91,108,19
SITE(40030B1),ANT(BRKTL31A091O)/ANT(BRKTL31B091O),Orange,2G/3G,50.854790588,4.356728522,37.37,37.6,955.0,Band900MHz,-8,-1,190,14.49,113,17
SITE(40030B1),ANT(BRKTL21D351O),Orange,5G,50.854830554,4.356789255,37.96,41.8,3650.0,Band3600MHz,-5,-1,100,21.9,126,32
SITE(40030B1),ANT(BRKTL21S141O),Orange,4G/5G,50.854830554,4.356789256,37.27,48.0,1442.0,Band1400MHz,-6,-1,100,14.41,98,19
SITE(40030B1),ANT(BRKTL21S181O),Orange,4G/5G,50.854830554,4.356789256,37.27,47.0,1837.5,Band1800MHz,-10,-1,100,15.77,103,16
SITE(40030B1),ANT(BRKTL21S211O),Orange,4G/5G,50.854830554,4.356789256,37.27,47.0,2162.5,Band2100MHz,-6,-1,100,16.6,91,14
SITE(40030B1),ANT(BRKTL21S261O),Orange,4G/5G,50.854830554,4.356789256,37.27,46.0,2680.0,Band2600MHz,-8,-1,100,17.27,86,15
SITE(40030B1),ANT(BRKTL21S071O),Orange,4G/5G,50.854830554,4.356789256,37.27,43.0,773.0,Band700MHz,-10,-1,100,14.38,105,23
SITE(40030B1),ANT(BRKTL21S081O),Orange,4G/5G,50.854830554,4.356789256,37.27,44.8,816.0,Band800MHz,-5,-1,100,14.91,108,21
SITE(40030B1),ANT(BRKTL21A091O)/ANT(BRKTL21B091O),Orange,2G/3G,50.854830554,4.356789256,37.27,40.6,955.0,Band900MHz,-8,-1,100,14.49,113,18
SITE(40030B1),ANT(BRKTL11S141O),Orange,4G/5G,50.854839241,4.35677249,37.27,0.0,1442.0,Band1400MHz,-6,-1,10,14.41,98,19
SITE(40030B1),ANT(BRKTL11S181O),Orange,4G/5G,50.854839241,4.35677249,37.27,43.8,1837.5,Band1800MHz,-10,-1,10,15.77,103,16
SITE(40030B1),ANT(BRKTL11S211O),Orange,4G/5G,50.854839241,4.35677249,37.27,43.8,2162.5,Band2100MHz,-6,-1,10,16.6,91,14
SITE(40030B1),ANT(BRKTL11S261O),Orange,4G/5G,50.854839241,4.35677249,37.27,42.0,2680.0,Band2600MHz,-8,-1,10,17.27,86,15
SITE(40030B1),ANT(BRKTL11S071O),Orange,4G/5G,50.854839241,4.35677249,37.27,39.0,773.0,Band700MHz,-10,-1,10,14.38,105,23
SITE(40030B1),ANT(BRKTL11S081O),Orange,4G/5G,50.854839241,4.35677249,37.27,40.0,816.0,Band800MHz,-5,-1,10,14.91,108,21
SITE(40030B1),ANT(BRKTL11A091O)/ANT(BRKTL11B091O),Orange,2G/3G,50.854839241,4.35677249,37.27,40.6,955.0,Band900MHz,-8,-1,10,14.49,113,18
SITE(40030B1),ANT(BRKTL11D351O),Orange,5G,50.854839241,4.35677249,37.96,39.8,3650.0,Band3600MHz,-5,-1,10,21.9,126,32
SITE(40030B1),ANT(BRKTL41S141O),Orange,4G/5G,50.85484905,4.356610006,37.07,0.0,1442.0,Band1400MHz,-6,-1,280,14.41,98,18
SITE(40030B1),ANT(BRKTL41S181O),Orange,4G/5G,50.85484905,4.356610006,37.07,42.0,1837.5,Band1800MHz,-8,-1,280,15.72,104,15
SITE(40030B1),ANT(BRKTL41S211O),Orange,4G/5G,50.85484905,4.356610006,37.07,42.0,2162.5,Band2100MHz,-6,-1,280,16.6,91,13
SITE(40030B1),ANT(BRKTL41S261O),Orange,4G/5G,50.85484905,4.356610006,37.07,42.0,2680.0,Band2600MHz,-8,-1,280,17.27,86,13
SITE(40030B1),ANT(BRKTL41S071O),Orange,4G/5G,50.85484905,4.356610006,37.07,39.0,773.0,Band700MHz,-8,-1,280,14.3,105,21
SITE(40030B1),ANT(BRKTL41S081O),Orange,4G/5G,50.85484905,4.356610006,37.07,40.0,816.0,Band800MHz,-5,-1,280,14.91,108,19
SITE(40030B1),ANT(BRKTL41A091O)/ANT(BRKTL41B091O),Orange,2G/3G,50.85484905,4.356610006,37.07,40.6,955.0,Band900MHz,-8,-1,280,14.49,113,17
SITE(40030B1),ANT(BRKTL41D351O),Orange,5G,50.85484905,4.356610006,37.76,38.8,3650.0,Band3600MHz,-5,-1,280,21.9,126,32
SITE(40039B1),ANT(BRPLS31D351O),Orange,5G,50.848580217,4.365326909,36.54,41.8,3650.0,Band3600MHz,-5,0,180,21.9,126,32
SITE(40039B1),ANT(BRPLS31S141O),Orange,4G/5G,50.848580523,4.365326692,35.93,0.0,1442.0,Band1400MHz,-8,0,180,15.87,106,11
SITE(40039B1),ANT(BRPLS31S181O),Orange,4G,50.848580523,4.365326692,35.93,42.0,1837.5,Band1800MHz,-8,0,180,16.31,102,9
SITE(40039B1),ANT(BRPLS31S211O),Orange,4G,50.848580523,4.365326692,35.93,42.0,2162.5,Band2100MHz,-8,0,180,17.36,92,8
SITE(40039B1),ANT(BRPLS31S261O),Orange,4G,50.848580523,4.365326692,35.93,42.0,2680.0,Band2600MHz,-8,0,180,16.8,88,6
SITE(40039B1),ANT(BRPLS31S071O),Orange,5G,50.848580523,4.365326692,35.93,39.0,773.0,Band700MHz,-8,0,180,15.4,103,10
SITE(40039B1),ANT(BRPLS31S081O),Orange,4G,50.848580523,4.365326692,35.93,40.0,816.0,Band800MHz,-8,0,180,15.64,105,10
SITE(40039B1),ANT(BRPLS31A091O)/ANT(BRPLS31B091O),Orange,2G/4G,50.848580523,4.365326692,35.93,40.6,955.0,Band900MHz,-8,0,180,16.14,93,8
SITE(40039B1),ANT(BRPLS41D351O),Orange,5G,50.848590274,4.365327505,36.54,41.8,3650.0,Band3600MHz,-5,0,270,21.9,126,32
SITE(40039B1),ANT(BRPLS41S141O),Orange,4G/5G,50.848599554,4.365325825,35.93,48.0,1442.0,Band1400MHz,-9,0,270,15.88,105,14
SITE(40039B1),ANT(BRPLS41S181O),Orange,4G,50.848599554,4.365325825,35.93,47.0,1837.5,Band1800MHz,-9,0,270,16.36,102,12
SITE(40039B1),ANT(BRPLS41S211O),Orange,4G,50.848599554,4.365325825,35.93,47.0,2162.5,Band2100MHz,-8,0,270,17.36,92,11
SITE(40039B1),ANT(BRPLS41S261O),Orange,4G,50.848599554,4.365325825,35.93,46.0,2680.0,Band2600MHz,-10,0,270,16.98,89,9
SITE(40039B1),ANT(BRPLS41S071O),Orange,5G,50.848599554,4.365325825,35.93,43.0,773.0,Band700MHz,-8,0,270,15.4,103,14
SITE(40039B1),ANT(BRPLS41S81O),Orange,4G,50.848599554,4.365325825,35.93,44.8,816.0,Band800MHz,-7,0,270,15.75,105,13
SITE(40039B1),ANT(BRPLS41A091O)/ANT(BRPLS41B091O),Orange,2G/4G,50.848599554,4.365325825,35.93,45.4,955.0,Band900MHz,-7,0,270,16.23,93,11
SITE(40039B1),ANT(BRPLS21D351O),Orange,5G,50.848849527,4.365413296,37.5,41.8,3650.0,Band3600MHz,-5,0,90,21.9,126,32
SITE(40039B1),ANT(BRPLS21S141O),Orange,4G/5G,50.848853033,4.365413367,36.52,0.0,1442.0,Band1400MHz,-9,0,90,15.88,107,16
SITE(40039B1),ANT(BRPLS21S181O),Orange,4G,50.848853033,4.365413367,36.52,46.35,1837.5,Band1800MHz,-9,0,90,16.36,102,14
SITE(40039B1),ANT(BRPLS21S211O),Orange,4G,50.848853033,4.365413367,36.52,46.35,2162.5,Band2100MHz,-8,0,90,17.36,93,13
SITE(40039B1),ANT(BRPLS21S261O),Orange,4G,50.848853033,4.365413367,36.52,43.35,2680.0,Band2600MHz,-10,0,90,16.98,90,11
SITE(40039B1),ANT(BRPLS21S071O),Orange,5G,50.848853033,4.365413367,36.52,40.35,773.0,Band700MHz,-8,0,90,15.4,103,14
SITE(40039B1),ANT(BRPLS21S081O),Orange,4G,50.848853033,4.365413367,36.52,42.15,816.0,Band800MHz,-7,0,90,15.75,105,13
SITE(40039B1),ANT(BRPLS21A091O)/ANT(BRPLS21B091O),Orange,2G/4G,50.848853033,4.365413367,36.52,42.75,955.0,Band900MHz,-7,0,90,16.23,93,11
SITE(40039B1),ANT(BRPLS11S141O),Orange,4G/5G,50.848854336,4.365396072,36.52,46.35,1442.0,Band1400MHz,-9,0,0,15.88,105,14
SITE(40039B1),ANT(BRPLS11S181O),Orange,4G,50.848854336,4.365396072,36.52,46.35,1837.5,Band1800MHz,-9,0,0,16.36,102,12
SITE(40039B1),ANT(BRPLS11S211O),Orange,4G,50.848854336,4.365396072,36.52,46.35,2162.5,Band2100MHz,-8,0,0,17.36,92,11
SITE(40039B1),ANT(BRPLS11S261O),Orange,4G,50.848854336,4.365396072,36.52,45.35,2680.0,Band2600MHz,-10,0,0,16.98,89,9
SITE(40039B1),ANT(BRPLS11S071O),Orange,5G,50.848854336,4.365396072,36.52,42.35,773.0,Band700MHz,-8,0,0,15.4,103,14
SITE(40039B1),ANT(BRPLS11S081O),Orange,4G,50.848854336,4.365396072,36.52,44.15,816.0,Band800MHz,-7,0,0,15.75,105,13
SITE(40039B1),ANT(BRPLS11A091O)/ANT(BRPLS11B091O),Orange,2G/4G,50.848854336,4.365396072,36.52,44.75,955.0,Band900MHz,-7,0,0,16.23,93,11
SITE(40039B1),ANT(BRPLS11D351O),Orange,5G,50.848855921,4.365400791,37.5,41.8,3650.0,Band3600MHz,-5,0,0,21.9,126,32
SITE(40040B1),ANT(BRZND21D351O),Orange,5G,50.848713441,4.357739648,31.89,37.5,3650.0,Band3600MHz,-5,0,150,24.9,126,32
SITE(40040B1),ANT(BRZND11D351O),Orange,5G,50.848718126,4.357735374,32,41.0,3650.0,Band3600MHz,-5,0,30,24.9,126,32
SITE(40040B1),ANT(BRZND21S141O),Orange,4G/5G,50.848829509,4.357251384,31.21,0.0,1442.0,Band1400MHz,-4,0,150,15.9,96,12
SITE(40040B1),ANT(BRZND21S181O),Orange,4G,50.848829509,4.357251384,31.21,44.2,1837.5,Band1800MHz,-4,0,150,16.74,96,11
SITE(40040B1),ANT(BRZND21S211O),Orange,4G,50.848829509,4.357251384,31.21,44.2,2162.5,Band2100MHz,-4,0,150,17.27,90,10
SITE(40040B1),ANT(BRZND21S261O),Orange,4G,50.848829509,4.357251384,31.21,43.2,2680.0,Band2600MHz,-4,0,150,17.4,80,8
SITE(40040B1),ANT(BRZND21S071O),Orange,5G,50.848829509,4.357251384,31.21,39.0,773.0,Band700MHz,-4,0,150,15.72,102,12
SITE(40040B1),ANT(BRZND21S081O),Orange,4G,50.848829509,4.357251384,31.21,40.0,816.0,Band800MHz,-4,0,150,16.33,100,12
SITE(40040B1),ANT(BRZND21A091O)/ANT(BRZND21B091O),Orange,2G/4G,50.848829509,4.357251384,31.21,40.6,955.0,Band900MHz,-4,0,150,16.6,96,10
SITE(40040B1),ANT(BRZND31S141O),Orange,4G/5G,50.848832816,4.357251447,31.21,0.0,1442.0,Band1400MHz,-4,0,270,15.9,99,18
SITE(40040B1),ANT(BRZND31S181O),Orange,4G,50.848832816,4.357251447,31.21,46.35,1837.5,Band1800MHz,-5,0,270,16.79,95,17
SITE(40040B1),ANT(BRZND31S211O),Orange,4G,50.848832816,4.357251447,31.21,46.35,2162.5,Band2100MHz,-4,0,270,17.27,91,16
SITE(40040B1),ANT(BRZND31S261O),Orange,4G,50.848832816,4.357251447,31.21,42.0,2680.0,Band2600MHz,-6,0,270,17.84,78,14
SITE(40040B1),ANT(BRZND31S071O),Orange,5G,50.848832816,4.357251447,31.21,39.0,773.0,Band700MHz,-5,0,270,15.81,102,18
SITE(40040B1),ANT(BRZND31S081O),Orange,4G,50.848832816,4.357251447,31.21,40.0,816.0,Band800MHz,-5,0,270,16.38,101,18
SITE(40040B1),ANT(BRZND31A091O)/ANT(BRZND31B091O),Orange,2G/4G,50.848832816,4.357251447,31.21,37.6,955.0,Band900MHz,-6,0,270,16.81,97,16
SITE(40040B1),ANT(BRZND31D351O),Orange,5G,50.848862801,4.357284394,31.89,41.0,3650.0,Band3600MHz,-5,0,270,24.9,126,32
SITE(40040B1),ANT(BRZND11S141O),Orange,4G/5G,50.848888014,4.357359039,31.32,0.0,1442.0,Band1400MHz,-4,0,30,15.9,98,16
SITE(40040B1),ANT(BRZND11S181O),Orange,4G,50.848888014,4.357359039,31.32,46.35,1837.5,Band1800MHz,-5,0,30,16.79,95,15
SITE(40040B1),ANT(BRZND11S211O),Orange,4G,50.848888014,4.357359039,31.32,46.35,2162.5,Band2100MHz,-4,0,30,17.27,91,14
SITE(40040B1),ANT(BRZND11S261O),Orange,4G,50.848888014,4.357359039,31.32,45.35,2680.0,Band2600MHz,-6,0,30,17.84,78,12
SITE(40040B1),ANT(BRZND11S071O),Orange,5G,50.848888014,4.357359039,31.32,39.0,773.0,Band700MHz,-5,0,30,15.81,102,16
SITE(40040B1),ANT(BRZND11S081O),Orange,4G,50.848888014,4.357359039,31.32,40.5,816.0,Band800MHz,-5,0,30,16.38,101,16
SITE(40040B1),ANT(BRZND11A091O)/ANT(BRZND11B091O),Orange,2G/4G,50.848888014,4.357359039,31.32,41.2,955.0,Band900MHz,-6,0,30,16.81,97,14
SITE(40043B1),ANT(BRFED31S141O),Orange,4G/5G,50.845455928,4.351670029,33.74,0.0,1442.0,Band1400MHz,-4,0,190,14.4,98,14
SITE(40043B1),ANT(BRFED31S181O),Orange,4G,50.845455928,4.351670029,33.74,46.35,1837.5,Band1800MHz,-4,0,190,15.34,106,11
SITE(40043B1),ANT(BRFED31S211O),Orange,4G,50.845455928,4.351670029,33.74,46.35,2162.5,Band2100MHz,-4,0,190,16.48,90,9
SITE(40043B1),ANT(BRFED31S261O),Orange,4G,50.845455928,4.351670029,33.74,45.35,2680.0,Band2600MHz,-4,0,190,16.78,86,9
SITE(40043B1),ANT(BRFED31S071O),Orange,5G,50.845455928,4.351670029,33.74,39.0,773.0,Band700MHz,-1,0,190,14.13,107,17
SITE(40043B1),ANT(BRFED31S081O),Orange,4G,50.845455928,4.351670029,33.74,40.0,816.0,Band800MHz,-4,0,190,14.9,104,15
SITE(40043B1),ANT(BRFED31A091O)/ANT(BRFED31B091O),Orange,2G/4G,50.845455928,4.351670029,33.74,40.6,955.0,Band900MHz,-3,0,190,14.41,115,14
SITE(40043B1),ANT(BRFED31D351O),Orange,5G,50.845455928,4.351670029,34.38,40.5,3650.0,Band3600MHz,-5,0,190,21.9,126,32
SITE(40043B1),ANT(BRFED21S141O),Orange,4G/5G,50.845461082,4.351670733,33.34,0.0,1442.0,Band1400MHz,-6,0,100,15.94,94,8
SITE(40043B1),ANT(BRFED21S181O),Orange,4G,50.845461082,4.351670733,33.34,45.1,1837.5,Band1800MHz,-6,0,100,16.76,106,6
SITE(40043B1),ANT(BRFED21S211O),Orange,4G,50.845461082,4.351670733,33.34,45.1,2162.5,Band2100MHz,-6,0,100,17.87,90,6
SITE(40043B1),ANT(BRFED21S261O),Orange,4G,50.845461082,4.351670733,33.34,44.1,2680.0,Band2600MHz,-6,0,100,18.32,81,4
SITE(40043B1),ANT(BRFED21S071O),Orange,5G,50.845461082,4.351670733,33.34,39.0,773.0,Band700MHz,-7,0,100,15.17,104,11
SITE(40043B1),ANT(BRFED21S081O),Orange,4G,50.845461082,4.351670733,33.34,40.0,816.0,Band800MHz,-6,0,100,15.2,106,11
SITE(40043B1),ANT(BRFED21A091O)/ANT(BRFED21B091O),Orange,2G/4G,50.845461082,4.351670733,33.34,40.6,955.0,Band900MHz,-7,0,100,15.24,117,9
SITE(40043B1),ANT(BRFED21D351O),Orange,5G,50.845461082,4.351670733,34.3,40.6,3650.0,Band3600MHz,-5,0,100,21.9,126,32
SITE(40043B1),ANT(BRFED41S141O),Orange,4G/5G,50.845555444,4.351544899,32.54,0.0,1442.0,Band1400MHz,-6,0,280,15.94,95,12
SITE(40043B1),ANT(BRFED41S181O),Orange,4G,50.845555444,4.351544899,32.54,46.35,1837.5,Band1800MHz,-6,0,280,16.76,105,10
SITE(40043B1),ANT(BRFED41S211O),Orange,4G,50.845555444,4.351544899,32.54,46.35,2162.5,Band2100MHz,-6,0,280,17.87,90,9
SITE(40043B1),ANT(BRFED41S261O),Orange,4G,50.845555444,4.351544899,32.54,45.35,2680.0,Band2600MHz,-6,0,280,18.32,82,8
SITE(40043B1),ANT(BRFED41S071O),Orange,5G,50.845555444,4.351544899,32.54,39.0,773.0,Band700MHz,-7,0,280,15.17,104,15
SITE(40043B1),ANT(BRFED41S081O),Orange,4G,50.845555444,4.351544899,32.54,44.15,816.0,Band800MHz,-4,0,280,15.2,107,15
SITE(40043B1),ANT(BRFED41A091O)/ANT(BRFED41B091O),Orange,2G/4G,50.845555444,4.351544899,32.54,42.95,955.0,Band900MHz,-7,0,280,15.24,117,14
SITE(40043B1),ANT(BRFED41D351O),Orange,5G,50.845555445,4.351544899,33.5,40.3,3650.0,Band3600MHz,-5,0,280,21.9,126,32
SITE(40043B1),ANT(BRFED11S141O),Orange,4G/5G,50.845556901,4.351550675,32.54,48.0,1442.0,Band1400MHz,-7,0,20,16.02,94,13
SITE(40043B1),ANT(BRFED11S181O),Orange,4G,50.845556901,4.351550675,32.54,47.0,1837.5,Band1800MHz,-7,0,20,16.77,106,11
SITE(40043B1),ANT(BRFED11S211O),Orange,4G,50.845556901,4.351550675,32.54,47.0,2162.5,Band2100MHz,-7,0,20,17.92,90,10
SITE(40043B1),ANT(BRFED11S261O),Orange,4G,50.845556901,4.351550675,32.54,46.0,2680.0,Band2600MHz,-7,0,20,18.36,82,9
SITE(40043B1),ANT(BRFED11S071O),Orange,5G,50.845556901,4.351550675,32.54,43.0,773.0,Band700MHz,-8,0,20,15.25,104,17
SITE(40043B1),ANT(BRFED11S081O),Orange,4G,50.845556901,4.351550675,32.54,44.8,816.0,Band800MHz,-4,0,20,15.2,107,16
SITE(40043B1),ANT(BRFED11A091O)/ANT(BRFED11B091O),Orange,2G/4G,50.845556901,4.351550675,32.54,43.6,955.0,Band900MHz,-8,0,20,15.31,118,15
SITE(40043B1),ANT(BRFED11D351O),Orange,5G,50.845556901,4.351550675,33.5,41.8,3650.0,Band3600MHz,-5,0,20,21.9,126,32
SITE(40095B1),ANT(BREJL21D351O),Orange,5G,50.852501306,4.353006956,37.15,41.0,3650.0,Band3600MHz,-5,0,110,21.9,126,32
SITE(40095B1),ANT(BREJL31S141O),Orange,4G/5G,50.852516194,4.352845435,36.25,0.0,1442.0,Band1400MHz,-3,0,200,15.92,107,18
SITE(40095B1),ANT(BREJL31S181O),Orange,4G,50.852516194,4.352845435,36.25,46.35,1837.5,Band1800MHz,-8,0,200,16.31,102,15
SITE(40095B1),ANT(BREJL31S211O),Orange,4G,50.852516194,4.352845435,36.25,46.35,2162.5,Band2100MHz,-6,0,200,17.36,92,14
SITE(40095B1),ANT(BREJL31S261O),Orange,4G,50.852516194,4.352845435,36.25,45.35,2680.0,Band2600MHz,-2,0,200,17.05,91,12
SITE(40095B1),ANT(BREJL31S071O),Orange,5G,50.852516194,4.352845435,36.25,42.0,773.0,Band700MHz,-8,0,200,15.4,104,17
SITE(40095B1),ANT(BREJL31S081O),Orange,4G,50.852516194,4.352845435,36.25,44.15,816.0,Band800MHz,-5,0,200,15.76,104,15
SITE(40095B1),ANT(BREJL31A091O)/ANT(BREJL31B091O),Orange,2G/4G,50.852516194,4.352845435,36.25,44.75,955.0,Band900MHz,-6,0,200,16.49,93,14
SITE(40095B1),ANT(BREJL31D351O),Orange,5G,50.852518889,4.352835432,37.15,41.0,3650.0,Band3600MHz,-5,0,200,21.9,126,32
SITE(40095B1),ANT(BREJL21S141O),Orange,4G/5G,50.852543476,4.353031773,36.25,0.0,1442.0,Band1400MHz,-3,0,110,15.92,107,18
SITE(40095B1),ANT(BREJL21S181O),Orange,4G,50.852543476,4.353031773,36.25,46.35,1837.5,Band1800MHz,-8,0,110,16.31,102,15
SITE(40095B1),ANT(BREJL21S211O),Orange,4G,50.852543476,4.353031773,36.25,46.35,2162.5,Band2100MHz,-6,0,110,17.36,92,14
SITE(40095B1),ANT(BREJL21S261O),Orange,4G,50.852543476,4.353031773,36.25,45.35,2680.0,Band2600MHz,-2,0,110,17.05,91,12
SITE(40095B1),ANT(BREJL21S071O),Orange,5G,50.852543476,4.353031773,36.25,39.0,773.0,Band700MHz,-8,0,110,15.4,104,17
SITE(40095B1),ANT(BREJL21S081O),Orange,4G,50.852543476,4.353031773,36.25,40.6,816.0,Band800MHz,-5,0,110,15.76,104,15
SITE(40095B1),ANT(BREJL21A091O)/ANT(BREJL21B091O),Orange,2G/4G,50.852543476,4.353031773,36.25,41.2,955.0,Band900MHz,-6,0,110,16.49,93,14
SITE(40095B1),ANT(BREJL11S141O),Orange,4G/5G,50.852548557,4.353034729,36.25,0.0,1442.0,Band1400MHz,-3,0,20,15.92,107,19
SITE(40095B1),ANT(BREJL11S181O),Orange,4G,50.852548557,4.353034729,36.25,46.35,1837.5,Band1800MHz,-9,0,20,16.36,102,16
SITE(40095B1),ANT(BREJL11S211O),Orange,4G,50.852548557,4.353034729,36.25,46.35,2162.5,Band2100MHz,-6,0,20,17.36,92,15
SITE(40095B1),ANT(BREJL11S261O),Orange,4G,50.852548557,4.353034729,36.25,45.35,2680.0,Band2600MHz,-2,0,20,17.05,91,13
SITE(40095B1),ANT(BREJL11S071O),Orange,5G,50.852548557,4.353034729,36.25,39.0,773.0,Band700MHz,-8,0,20,15.4,104,18
SITE(40095B1),ANT(BREJL11S081O),Orange,4G,50.852548557,4.353034729,36.25,42.15,816.0,Band800MHz,-5,0,20,15.76,105,16
SITE(40095B1),ANT(BREJL11A091O)/ANT(BREJL11B091O),Orange,2G/4G,50.852548557,4.353034729,36.25,42.75,955.0,Band900MHz,-6,0,20,16.49,93,15
SITE(40095B1),ANT(BREJL41D351O),Orange,5G,50.852558087,4.352866589,36.15,41.2,3650.0,Band3600MHz,-5,0,290,21.9,126,32
SITE(40095B1),ANT(BREJL11D351O),Orange,5G,50.852594352,4.352888976,37.15,41.2,3650.0,Band3600MHz,-5,0,20,21.9,126,32
SITE(40095B1),ANT(BREJL41S141O),Orange,4G/5G,50.852595879,4.352881192,36.25,0.0,1442.0,Band1400MHz,-3,0,290,15.92,107,20
SITE(40095B1),ANT(BREJL41S181O),Orange,4G,50.852595879,4.352881192,36.25,46.35,1837.5,Band1800MHz,-9,0,290,16.36,102,17
SITE(40095B1),ANT(BREJL41S211O),Orange,4G,50.852595879,4.352881192,36.25,46.35,2162.5,Band2100MHz,-6,0,290,17.36,92,16
SITE(40095B1),ANT(BREJL41S261O),Orange,4G,50.852595879,4.352881192,36.25,45.35,2680.0,Band2600MHz,-2,0,290,17.05,91,14
SITE(40095B1),ANT(BREJL41S071O),Orange,5G,50.852595879,4.352881192,36.25,39.0,773.0,Band700MHz,-8,0,290,15.4,104,18
SITE(40095B1),ANT(BREJL41S081O),Orange,4G,50.852595879,4.352881192,36.25,44.15,816.0,Band800MHz,-5,0,290,15.76,105,16
SITE(40095B1),ANT(BREJL41A091O)/ANT(BREJL41B091O),Orange,2G/4G,50.852595879,4.352881192,36.25,39.95,955.0,Band900MHz,-6,0,290,16.49,93,15
SITE(41099B1),ANT(BRPCL21D351O),Orange,5G,50.851767216,4.360952818,31.3,41.8,3650.0,Band3600MHz,-6,0,180,24.8,126,34
SITE(41099B1),ANT(BRPCL21S181O),Orange,4G/5G,50.851769117,4.360961314,30.3,46.4,1837.5,Band1800MHz,-5,0,180,16.79,95,14
SITE(41099B1),ANT(BRPCL21S211O),Orange,4G/5G,50.851769117,4.360961314,30.3,46.4,2162.5,Band2100MHz,-4,0,180,17.27,91,13
SITE(41099B1),ANT(BRPCL21S261O),Orange,4G/5G,50.851769117,4.360961314,30.3,45.4,2680.0,Band2600MHz,-6,0,180,17.84,78,11
SITE(41099B1),ANT(BRPCL21S071O),Orange,4G/5G,50.851769117,4.360961314,30.3,39.0,773.0,Band700MHz,-7,0,180,15.81,102,16
SITE(41099B1),ANT(BRPCL21S081O),Orange,4G/5G,50.851769117,4.360961314,30.3,43.8,816.0,Band800MHz,-5,0,180,16.38,101,16
SITE(41099B1),ANT(BRPCL21A091O)/ANT(BRPCL21B091O),Orange,2G/3G,50.851769117,4.360961314,30.3,39.6,955.0,Band900MHz,-6,0,180,16.81,97,14
SITE(41099B1),ANT(BRPCL31D351O),Orange,5G,50.851789283,4.360936516,31.3,41.8,3650.0,Band3600MHz,-6,0,270,24.8,126,34
SITE(41099B1),ANT(BRPCL31S141O),Orange,4G/5G,50.851796218,4.360938219,30.3,48.0,1442.0,Band1400MHz,-4,0,270,15.9,99,18
SITE(41099B1),ANT(BRPCL31S181O),Orange,4G/5G,50.851796218,4.360938219,30.3,47.0,1837.5,Band1800MHz,-5,0,270,16.79,95,17
SITE(41099B1),ANT(BRPCL31S211O),Orange,4G/5G,50.851796218,4.360938219,30.3,47.0,2162.5,Band2100MHz,-4,0,270,17.27,91,16
SITE(41099B1),ANT(BRPCL31S261O),Orange,4G/5G,50.851796218,4.360938219,30.3,46.0,2680.0,Band2600MHz,-6,0,270,17.84,78,14
SITE(41099B1),ANT(BRPCL31S071O),Orange,4G/5G,50.851796218,4.360938219,30.3,43.0,773.0,Band700MHz,-7,0,270,15.81,102,18
SITE(41099B1),ANT(BRPCL31S081O),Orange,4G/5G,50.851796218,4.360938219,30.3,44.8,816.0,Band800MHz,-5,0,270,16.38,101,18
SITE(41099B1),ANT(BRPCL31A091O)/ANT(BRPCL31B091O),Orange,2G/3G,50.851796218,4.360938219,30.3,40.6,955.0,Band900MHz,-6,0,270,16.81,97,16
SITE(41099B1),ANT(BRPCL11D351O),Orange,5G,50.852345713,4.361397667,32,41.8,3650.0,Band3600MHz,-6,0,30,24.8,126,34
SITE(41099B1),ANT(BRPCL11S181O),Orange,4G/5G,50.852349218,4.361388543,31,46.4,1837.5,Band1800MHz,-4,0,30,16.74,96,11
SITE(41099B1),ANT(BRPCL11S211O),Orange,4G/5G,50.852349218,4.361388543,31,46.4,2162.5,Band2100MHz,-4,0,30,17.27,90,10
SITE(41099B1),ANT(BRPCL11S261O),Orange,4G/5G,50.852349218,4.361388543,31,45.4,2680.0,Band2600MHz,-4,0,30,17.4,80,8
SITE(41099B1),ANT(BRPCL11S071O),Orange,4G/5G,50.852349218,4.361388543,31,39.0,773.0,Band700MHz,-5,0,30,15.81,102,14
SITE(41099B1),ANT(BRPCL11S081O),Orange,4G/5G,50.852349218,4.361388543,31,42.4,816.0,Band800MHz,-5,0,30,16.38,100,14
SITE(41099B1),ANT(BRPCL11A091O)/ANT(BRPCL11B091O),Orange,2G/3G,50.852349218,4.361388543,31,43.0,955.0,Band900MHz,-6,0,30,16.81,97,12
SITE(42003B4),ANT(BRHER11C081O_01),Orange,4G,50.846766135,4.354005511,6.34,39.6,816.0,Band800MHz,0,0,55,6.15,158,90
SITE(42003B4),ANT(BRHER11A091O_01)/ANT(BRHER11B091O_01),Orange,2G/4G,50.846766135,4.354005511,6.34,36.6,955.0,Band900MHz,0,0,55,6.15,158,90
SITE(42007B4),ANT(BRFLO11C181O),Orange,4G/5G,50.850564096,4.353868853,7.93,40.3,1837.5,Band1800MHz,0,0,297,6.15,168,100
SITE(42007B4),ANT(BRFLO11C081O),Orange,4G/5G,50.850564096,4.353868853,7.93,40.2,816.0,Band800MHz,0,0,297,6.15,158,90
SITE(42007B4),ANT(BRFLO11A091O)/ANT(BRFLO11B091O),Orange,2G/3G,50.850564096,4.353868853,7.93,40.3,955.0,Band900MHz,0,0,297,6.15,158,90
SITE(42008B4),ANT(BRBCH11S081O),Orange,4G,50.848110818,4.3540855,7.1,39.1,816.0,Band800MHz,0,0,220,6.15,158,90
SITE(42008B4),ANT(BRBCH11A091O)/ANT(BRBCH11B091O),Orange,2G/4G,50.848110818,4.3540855,7.1,36.1,955.0,Band900MHz,0,0,220,6.15,158,90
SITE(42105B4),ANT(BRKAM11C081O_01),Orange,4G,50.845967342,4.352739791,8.51,42.0,816.0,Band800MHz,0,0,210,6.15,158,90
SITE(42105B4),ANT(BRKAM11A091O_01)/ANT(BRKAM11B091O_01),Orange,2G/4G,50.845967342,4.352739791,8.51,39.0,955.0,Band900MHz,0,0,210,6.15,158,90
SITE(42105B4),ANT(BRKAM11C081O_02),Orange,4G,50.845974442,4.352733903,8.51,42.0,816.0,Band800MHz,0,0,290,6.15,158,90
SITE(42105B4),ANT(BRKAM11A091O_02)/ANT(BRKAM11B091O_02),Orange,2G/4G,50.845974442,4.352733903,8.51,39.0,955.0,Band900MHz,0,0,290,6.15,158,90
SITE(42357B1),ANT(BRQUE21S141O),Orange,4G/5G,50.852804398,4.368495652,40.38,48.0,1442.0,Band1400MHz,-11,0,178,16.31,86,18
SITE(42357B1),ANT(BRQUE21S181O),Orange,4G/5G,50.852804398,4.368495652,40.38,47.0,1837.5,Band1800MHz,-2,0,178,16.47,87,18
SITE(42357B1),ANT(BRQUE21S211O),Orange,4G/5G,50.852804398,4.368495652,40.38,47.0,2162.5,Band2100MHz,-6,0,178,17.33,92,16
SITE(42357B1),ANT(BRQUE21S261O),Orange,4G/5G,50.852804398,4.368495652,40.38,46.0,2680.0,Band2600MHz,-6,0,178,17.49,87,16
SITE(42357B1),ANT(BRQUE21D351O),Orange,5G,50.852804398,4.368495652,40.38,47.8,3650.0,Band3600MHz,-7,0,178,21.47,111,17
SITE(42357B1),ANT(BRQUE21S071O),Orange,4G/5G,50.852804398,4.368495652,40.38,43.0,773.0,Band700MHz,-12,0,178,15.56,95,18
SITE(42357B1),ANT(BRQUE21S081O),Orange,4G/5G,50.852804398,4.368495652,40.38,44.8,816.0,Band800MHz,-7,0,178,15.98,88,18
SITE(42357B1),ANT(BRQUE21A091O)/ANT(BRQUE21B091O),Orange,2G/3G,50.852804398,4.368495652,40.38,40.6,955.0,Band900MHz,-2,0,178,16.51,85,18
SITE(42357B1),ANT(BRQUE11S141O),Orange,4G/5G,50.852913736,4.368697805,36.88,48.0,1442.0,Band1400MHz,-11,0,90,16.31,86,18
SITE(42357B1),ANT(BRQUE11S181O),Orange,4G/5G,50.852913736,4.368697805,36.88,47.0,1837.5,Band1800MHz,-2,0,90,16.47,87,18
SITE(42357B1),ANT(BRQUE11S211O),Orange,4G/5G,50.852913736,4.368697805,36.88,47.0,2162.5,Band2100MHz,-6,0,90,17.33,92,16
SITE(42357B1),ANT(BRQUE11S261O),Orange,4G/5G,50.852913736,4.368697805,36.88,46.0,2680.0,Band2600MHz,-6,0,90,17.49,87,16
SITE(42357B1),ANT(BRQUE11D351O),Orange,5G,50.852913736,4.368697805,36.88,47.8,3650.0,Band3600MHz,-7,0,90,21.47,111,17
SITE(42357B1),ANT(BRQUE11S071O),Orange,4G/5G,50.852913736,4.368697805,36.88,43.0,773.0,Band700MHz,-12,0,90,15.56,95,18
SITE(42357B1),ANT(BRQUE11S081O),Orange,4G/5G,50.852913736,4.368697805,36.88,44.8,816.0,Band800MHz,-7,0,90,15.98,88,18
SITE(42357B1),ANT(BRQUE11A091O)/ANT(BRQUE11B091O),Orange,2G/3G,50.852913736,4.368697805,36.88,40.6,955.0,Band900MHz,-2,0,90,16.51,85,18
SITE(42357B1),ANT(BRQUE31S181O),Orange,4G/5G,50.852914681,4.368698269,36.88,46.4,1837.5,Band1800MHz,-2,0,350,16.47,86,14
SITE(42357B1),ANT(BRQUE31S211O),Orange,4G/5G,50.852914681,4.368698269,36.88,46.4,2162.5,Band2100MHz,-6,0,350,17.33,92,12
SITE(42357B1),ANT(BRQUE31S261O),Orange,4G/5G,50.852914681,4.368698269,36.88,42.9,2680.0,Band2600MHz,-6,0,350,17.49,87,11
SITE(42357B1),ANT(BRQUE31D351O),Orange,5G,50.852914681,4.368698269,36.88,47.8,3650.0,Band3600MHz,-9,0,350,21.27,110,7
SITE(42357B1),ANT(BRQUE31S071O),Orange,4G/5G,50.852914681,4.368698269,36.88,39.0,773.0,Band700MHz,-9,0,350,15.55,95,16
SITE(42357B1),ANT(BRQUE31S081O),Orange,4G/5G,50.852914681,4.368698269,36.88,40.0,816.0,Band800MHz,-7,0,350,15.98,88,15
SITE(42357B1),ANT(BRQUE31A091O)/ANT(BRQUE31B091O),Orange,2G/3G,50.852914681,4.368698269,36.88,37.6,955.0,Band900MHz,-2,0,350,16.51,85,15
SITE(42360B1),ANT(BRPVB21S141O),Orange,4G/5G,50.845892143,4.368003178,32.02,48.0,1442.0,Band1400MHz,-12,0,150,15.39,104,18
SITE(42360B1),ANT(BRPVB21S181O),Orange,4G,50.845892143,4.368003178,32.02,47.0,1837.5,Band1800MHz,-7,0,150,16.29,107,16
SITE(42360B1),ANT(BRPVB21S211O),Orange,4G,50.845892143,4.368003178,32.02,47.0,2162.5,Band2100MHz,-7,0,150,17.73,88,16
SITE(42360B1),ANT(BRPVB21S261O),Orange,4G,50.845892143,4.368003178,32.02,46.0,2680.0,Band2600MHz,-7,0,150,17.6,86,15
SITE(42360B1),ANT(BRPVB21S071O),Orange,5G,50.845892143,4.368003178,32.02,43.0,773.0,Band700MHz,-7,0,150,14.39,103,23
SITE(42360B1),ANT(BRPVB21S081O),Orange,4G,50.845892143,4.368003178,32.02,44.8,816.0,Band800MHz,-7,0,150,14.89,96,23
SITE(42360B1),ANT(BRPVB21A091O)/ANT(BRPVB21B091O),Orange,2G/4G,50.845892143,4.368003178,32.02,40.6,955.0,Band900MHz,-7,0,150,15.07,97,20
SITE(42360B1),ANT(BRPVB31D351O),Orange,5G,50.84592445,4.367506622,29.43,41.8,3650.0,Band3600MHz,-5,0,240,21.9,126,32
SITE(42360B1),ANT(BRPVB21D351O),Orange,5G,50.845971134,4.368037866,33.14,41.8,3650.0,Band3600MHz,-5,0,150,21.9,126,32
SITE(42360B1),ANT(BRPVB11S181O),Orange,4G,50.845971134,4.368037867,32.46,42.0,1837.5,Band1800MHz,-7,0,60,16.29,106,9
SITE(42360B1),ANT(BRPVB11S211O),Orange,4G,50.845971134,4.368037867,32.46,42.0,2162.5,Band2100MHz,-7,0,60,17.73,88,9
SITE(42360B1),ANT(BRPVB11S261O),Orange,4G,50.845971134,4.368037867,32.46,39.0,2680.0,Band2600MHz,-7,0,60,17.6,86,7
SITE(42360B1),ANT(BRPVB11S071O),Orange,5G,50.845971134,4.368037867,32.46,39.0,773.0,Band700MHz,-7,0,60,14.39,100,17
SITE(42360B1),ANT(BRPVB11S081O),Orange,4G,50.845971134,4.368037867,32.46,40.0,816.0,Band800MHz,-7,0,60,14.89,94,16
SITE(42360B1),ANT(BRPVB11A091O)/ANT(BRPVB11B091O),Orange,2G/4G,50.845971134,4.368037867,32.46,40.6,955.0,Band900MHz,-7,0,60,15.07,97,14
SITE(42360B1),ANT(BRPVB41S181O),Orange,4G,50.845976795,4.367422278,29.64,42.5,1837.5,Band1800MHz,-7,0,330,16.29,106,14
SITE(42360B1),ANT(BRPVB41S211O),Orange,4G,50.845976795,4.367422278,29.64,42.6,2162.5,Band2100MHz,-7,0,330,17.73,88,14
SITE(42360B1),ANT(BRPVB41S261O),Orange,4G,50.845976795,4.367422278,29.64,42.0,2680.0,Band2600MHz,-7,0,330,17.6,86,13
SITE(42360B1),ANT(BRPVB41S071O),Orange,5G,50.845976795,4.367422278,29.64,39.0,773.0,Band700MHz,-7,0,330,14.39,99,20
SITE(42360B1),ANT(BRPVB41S081O),Orange,4G,50.845976795,4.367422278,29.64,40.0,816.0,Band800MHz,-7,0,330,14.89,94,19
SITE(42360B1),ANT(BRPVB41A091O)/ANT(BRPVB41B091O),Orange,2G/4G,50.845976795,4.367422278,29.64,37.6,955.0,Band900MHz,-7,0,330,15.07,97,17
SITE(42360B1),ANT(BRPVB31S181O),Orange,4G,50.845980256,4.367424394,29.64,46.4,1837.5,Band1800MHz,-7,0,240,16.29,106,14
SITE(42360B1),ANT(BRPVB31S211O),Orange,4G,50.845980256,4.367424394,29.64,46.4,2162.5,Band2100MHz,-7,0,240,17.73,88,14
SITE(42360B1),ANT(BRPVB31S261O),Orange,4G,50.845980256,4.367424394,29.64,45.4,2680.0,Band2600MHz,-7,0,240,17.6,86,13
SITE(42360B1),ANT(BRPVB31S071O),Orange,5G,50.845980256,4.367424394,29.64,40.7,773.0,Band700MHz,-7,0,240,14.39,101,22
SITE(42360B1),ANT(BRPVB31S081O),Orange,4G,50.845980256,4.367424394,29.64,44.2,816.0,Band800MHz,-7,0,240,14.89,96,21
SITE(42360B1),ANT(BRPVB31A091O)/ANT(BRPVB31B091O),Orange,2G/4G,50.845980256,4.367424394,29.64,44.8,955.0,Band900MHz,-7,0,240,15.07,97,19
SITE(42360B1),ANT(BRPVB11D351O),Orange,5G,50.845984124,4.367975973,33.14,41.6,3650.0,Band3600MHz,-5,0,60,21.9,126,32
SITE(42360B1),ANT(BRPVB41D351O),Orange,5G,50.846001166,4.367467261,29.43,41.8,3650.0,Band3600MHz,-5,0,330,21.9,126,32
SITE(42365B1),ANT(BROMM21D351O),Orange,5G,50.85283573,4.359117456,29.67,37.1,3650.0,Band3600MHz,-6,0,150,24.8,126,34
SITE(42365B1),ANT(BROMM31S141O),Orange,4G/5G,50.852836908,4.359112873,29,42.0,1442.0,Band1400MHz,-7,0,250,15.57,103,14
SITE(42365B1),ANT(BROMM31S181O),Orange,4G,50.852836908,4.359112873,29,46.2,1837.5,Band1800MHz,-3,0,250,16.24,105,12
SITE(42365B1),ANT(BROMM31S211O),Orange,5G,50.852836908,4.359112873,29,46.3,2162.5,Band2100MHz,-8,0,250,17.61,84,12
SITE(42365B1),ANT(BROMM31S261O),Orange,4G,50.852836908,4.359112873,29,42.0,2680.0,Band2600MHz,-4,0,250,17.44,86,10
SITE(42365B1),ANT(BROMM31S071O),Orange,5G,50.852836908,4.359112873,29,39.0,773.0,Band700MHz,-8,0,250,14.49,111,20
SITE(42365B1),ANT(BROMM31S081O),Orange,4G,50.852836908,4.359112873,29,40.0,816.0,Band800MHz,-2,0,250,14.51,99,20
SITE(42365B1),ANT(BROMM31A091O)/ANT(BROMM31B091O),Orange,2G/4G,50.852836908,4.359112873,29,40.6,955.0,Band900MHz,-4,0,250,15.0,100,18
SITE(42365B1),ANT(BROMM21S141O),Orange,4G/5G,50.852840082,4.35912752,29,42.0,1442.0,Band1400MHz,-7,0,150,15.57,103,15
SITE(42365B1),ANT(BROMM21S181O),Orange,4G,50.852840082,4.35912752,29,42.0,1837.5,Band1800MHz,-3,0,150,16.24,105,13
SITE(42365B1),ANT(BROMM21S211O),Orange,5G,50.852840082,4.35912752,29,42.0,2162.5,Band2100MHz,-8,0,150,17.61,84,13
SITE(42365B1),ANT(BROMM21S261O),Orange,4G,50.852840082,4.35912752,29,39.0,2680.0,Band2600MHz,-4,0,150,17.44,87,11
SITE(42365B1),ANT(BROMM21S071O),Orange,5G,50.852840082,4.35912752,29,39.0,773.0,Band700MHz,-8,0,150,14.49,111,20
SITE(42365B1),ANT(BROMM21S081O),Orange,4G,50.852840082,4.35912752,29,40.0,816.0,Band800MHz,-2,0,150,14.51,99,19
SITE(42365B1),ANT(BROMM21A091O)/ANT(BROMM21B091O),Orange,2G/4G,50.852840082,4.35912752,29,40.6,955.0,Band900MHz,-4,0,150,15.0,98,17
SITE(42365B1),ANT(BROMM31D351O),Orange,5G,50.852842965,4.3591111,29.67,39.8,3650.0,Band3600MHz,-6,0,250,24.8,126,34
SITE(42365B1),ANT(BROMM11S141O),Orange,4G/5G,50.85295661,4.35922815,29,42.0,1442.0,Band1400MHz,-7,0,30,15.57,103,14
SITE(42365B1),ANT(BROMM11S181O),Orange,4G,50.85295661,4.35922815,29,46.4,1837.5,Band1800MHz,-3,0,30,16.24,105,12
SITE(42365B1),ANT(BROMM11S211O),Orange,5G,50.85295661,4.35922815,29,46.4,2162.5,Band2100MHz,-8,0,30,17.61,84,12
SITE(42365B1),ANT(BROMM11S261O),Orange,4G,50.85295661,4.35922815,29,42.0,2680.0,Band2600MHz,-4,0,30,17.44,86,10
SITE(42365B1),ANT(BROMM11S071O),Orange,5G,50.85295661,4.35922815,29,39.0,773.0,Band700MHz,-8,0,30,14.49,111,20
SITE(42365B1),ANT(BROMM11S081O),Orange,4G,50.85295661,4.35922815,29,40.0,816.0,Band800MHz,-2,0,30,14.51,99,20
SITE(42365B1),ANT(BROMM11A091O)/ANT(BROMM11B091O),Orange,2G/4G,50.85295661,4.35922815,29,37.6,955.0,Band900MHz,-4,0,30,15.0,100,18
SITE(42365B1),ANT(BROMM11D351O),Orange,5G,50.852960158,4.359218139,29.67,40.5,3650.0,Band3600MHz,-6,0,30,24.8,126,34
SITE(42367B1),ANT(BRBOT11D351O),Orange,5G,50.853277867,4.366198854,12.25,43.8,3650.0,Band3600MHz,-6,0,290,24.9,126,24
SITE(42367B1),ANT(BRBOT11S181O),Orange,4G/5G,50.853277867,4.366198854,9.42,46.4,1837.5,Band1800MHz,-8,0,290,16.7,100,15
SITE(42367B1),ANT(BRBOT11S211O),Orange,4G/5G,50.853277867,4.366198854,9.42,46.4,2162.5,Band2100MHz,-4,0,290,17.16,93,15
SITE(42367B1),ANT(BRBOT11S261O),Orange,4G/5G,50.853277867,4.366198854,9.42,45.4,2680.0,Band2600MHz,-9,0,290,16.5,92,13
SITE(42367B1),ANT(BRBOT11S071O),Orange,4G/5G,50.853277867,4.366198854,9.42,40.0,773.0,Band700MHz,-3,0,290,15.26,105,17
SITE(42367B1),ANT(BRBOT11S081O),Orange,4G/5G,50.853277867,4.366198854,9.42,44.2,816.0,Band800MHz,-4,0,290,15.82,102,17
SITE(42367B1),ANT(BRBOT11A091O)/ANT(BRBOT11B091O),Orange,2G/3G,50.853277867,4.366198854,9.42,43.0,955.0,Band900MHz,-4,0,290,16.72,94,15
SITE(42492B1),ANT(BRZUS21S141O),Orange,4G/5G,50.848794175,4.351789111,34.15,0.0,1442.0,Band1400MHz,-8,0,150,15.24,106,14
SITE(42492B1),ANT(BRZUS21S181O),Orange,4G,50.848794175,4.351789111,34.15,46.35,1837.5,Band1800MHz,-7,0,150,16.29,106,11
SITE(42492B1),ANT(BRZUS21S211O),Orange,4G,50.848794175,4.351789111,34.15,46.35,2162.5,Band2100MHz,-7,0,150,17.73,86,11
SITE(42492B1),ANT(BRZUS21S261O),Orange,4G,50.848794175,4.351789111,34.15,44.35,2680.0,Band2600MHz,-7,0,150,17.6,86,10
SITE(42492B1),ANT(BRZUS21S071O),Orange,5G,50.848794175,4.351789111,34.15,39.0,773.0,Band700MHz,-7,0,150,14.39,99,19
SITE(42492B1),ANT(BRZUS21S081O),Orange,4G,50.848794175,4.351789111,34.15,40.0,816.0,Band800MHz,-7,0,150,14.89,93,18
SITE(42492B1),ANT(BRZUS21A091O)/ANT(BRZUS21B091O),Orange,2G,50.848794175,4.351789111,34.15,37.6,955.0,Band900MHz,-6,0,150,15.07,97,16
SITE(42492B1),ANT(BRZUS21D351O),Orange,5G,50.848814231,4.351815651,34.7,40.8,3650.0,Band3600MHz,-5,0,150,24.9,126,32
SITE(42492B1),ANT(BRZUS11D351O),Orange,5G,50.848823346,4.351811051,34.7,41.2,3650.0,Band3600MHz,-5,0,30,24.9,126,32
SITE(42492B1),ANT(BRZUS31S141O),Orange,4G/5G,50.848847879,4.351660924,34.15,42.0,1442.0,Band1400MHz,-6,0,280,15.21,106,13
SITE(42492B1),ANT(BRZUS31S181O),Orange,4G,50.848847879,4.351660924,34.15,46.35,1837.5,Band1800MHz,-6,0,280,15.21,106,13
SITE(42492B1),ANT(BRZUS31S211O),Orange,4G,50.848847879,4.351660924,34.15,46.35,2162.5,Band2100MHz,-6,0,280,17.66,86,10
SITE(42492B1),ANT(BRZUS31S261O),Orange,4G,50.848847879,4.351660924,34.15,45.35,2680.0,Band2600MHz,-6,0,280,17.49,85,9
SITE(42492B1),ANT(BRZUS31S071O),Orange,5G,50.848847879,4.351660924,34.15,42.35,773.0,Band700MHz,-7,0,280,14.39,100,21
SITE(42492B1),ANT(BRZUS31S081O),Orange,4G,50.848847879,4.351660924,34.15,44.15,816.0,Band800MHz,-7,0,280,14.89,94,20
SITE(42492B1),ANT(BRZUS31A091O)/ANT(BRZUS31B091O),Orange,2G/4G,50.848847879,4.351660924,34.15,44.75,955.0,Band900MHz,-6,0,280,15.07,97,18
SITE(42492B1),ANT(BRZUS31D351O),Orange,5G,50.848862516,4.351660031,34.7,41.8,3650.0,Band3600MHz,-5,0,280,24.9,126,32
SITE(42492B1),ANT(BRZUS11S141O),Orange,4G/5G,50.848864976,4.351670182,34.15,0.0,1442.0,Band1400MHz,-12,-2,30,15.39,105,18
SITE(42492B1),ANT(BRZUS11S181O),Orange,4G,50.848864976,4.351670182,34.15,46.35,1837.5,Band1800MHz,-7,-2,30,16.29,107,16
SITE(42492B1),ANT(BRZUS11S211O),Orange,4G,50.848864976,4.351670182,34.15,46.35,2162.5,Band2100MHz,-7,-2,30,17.73,88,16
SITE(42492B1),ANT(BRZUS11S261O),Orange,4G,50.848864976,4.351670182,34.15,42.0,2680.0,Band2600MHz,-7,-2,30,17.6,86,15
SITE(42492B1),ANT(BRZUS11S071O),Orange,5G,50.848864976,4.351670182,34.15,39.0,773.0,Band700MHz,-7,-2,30,14.39,103,23
SITE(42492B1),ANT(BRZUS11S081O),Orange,4G,50.848864976,4.351670182,34.15,40.0,816.0,Band800MHz,-7,-2,30,14.89,96,23
SITE(42492B1),ANT(BRZUS11A091O)/ANT(BRZUS11B091O),Orange,2G,50.848864976,4.351670182,34.15,37.6,955.0,Band900MHz,-6,-2,30,15.07,97,20
SITE(BX07325),ANT(L182),Citymesh Mobile (Insky),4G/5G,50.852587398,4.366241266,35.02,49.0,1852.5,Band1800MHz,-2,0,180,15.74,95,18
SITE(BX07325),ANT(L212),Citymesh Mobile (Insky),4G/5G,50.852587398,4.366241266,35.02,41.8,2152.5,Band2100MHz,-6,0,180,15.99,95,16
SITE(BX07325),ANT(L262)/ANT(NR262),Citymesh Mobile (Insky),5G,50.852587398,4.366241266,35.02,41.8,2647.5,Band2600MHz,-2,0,180,15.88,88,15
SITE(BX07325),ANT(NR352),Citymesh Mobile (Insky),5G,50.852587398,4.366241266,35.02,49.0,3455.0,Band3600MHz,-8,0,180,20.09,32,13
SITE(BX07325),ANT(NR072),Citymesh Mobile (Insky),4G/5G,50.852587398,4.366241266,35.02,41.8,760.5,Band700MHz,-8,0,180,14.68,96,21
SITE(BX07325),ANT(G092)/ANT(L092),Citymesh Mobile (Insky),2G/4G/5G,50.852587398,4.366241266,35.02,41.8,937.5,Band900MHz,-10,0,180,15.26,105,19
SITE(BX07325),ANT(L181),Citymesh Mobile (Insky),4G/5G,50.852594717,4.366255032,35.02,43.0,1852.5,Band1800MHz,-2,0,90,15.74,95,18
SITE(BX07325),ANT(L211),Citymesh Mobile (Insky),4G/5G,50.852594717,4.366255032,35.02,41.8,2152.5,Band2100MHz,-6,0,90,15.99,95,16
SITE(BX07325),ANT(L261)/ANT(NR261),Citymesh Mobile (Insky),5G,50.852594717,4.366255032,35.02,41.8,2647.5,Band2600MHz,-2,0,90,15.88,88,14
SITE(BX07325),ANT(NR351),Citymesh Mobile (Insky),5G,50.852594717,4.366255032,35.02,41.8,3455.0,Band3600MHz,-6,0,90,20.02,32,12
SITE(BX07325),ANT(NR071),Citymesh Mobile (Insky),4G/5G,50.852594717,4.366255032,35.02,41.8,760.5,Band700MHz,-8,0,90,14.68,96,21
SITE(BX07325),ANT(G091)/ANT(L091),Citymesh Mobile (Insky),2G/4G/5G,50.852594717,4.366255032,35.02,41.8,937.5,Band900MHz,-10,0,90,15.26,105,19
SITE(BX07325),ANT(L183),Citymesh Mobile (Insky),4G/5G,50.852600353,4.366238432,35.02,41.8,1852.5,Band1800MHz,-2,0,320,15.74,97,19
SITE(BX07325),ANT(L213),Citymesh Mobile (Insky),4G/5G,50.852600353,4.366238432,35.02,41.8,2152.5,Band2100MHz,-6,0,320,15.99,95,18
SITE(BX07325),ANT(L263)/ANT(NR263),Citymesh Mobile (Insky),5G,50.852600353,4.366238432,35.02,41.8,2647.5,Band2600MHz,-2,0,320,15.88,88,18
SITE(BX07325),ANT(NR353),Citymesh Mobile (Insky),5G,50.852600353,4.366238432,35.02,41.8,3455.0,Band3600MHz,-10,0,320,20.25,32,15
SITE(BX07325),ANT(NR073),Citymesh Mobile (Insky),4G/5G,50.852600353,4.366238432,35.02,41.8,760.5,Band700MHz,-9,0,320,14.7,97,22
SITE(BX07325),ANT(G093)/ANT(L093),Citymesh Mobile (Insky),2G/4G/5G,50.852600353,4.366238432,35.02,41.8,937.5,Band900MHz,-11,0,320,15.3,103,20
SITE(BX3019),ANT(4G_L18_1)/ANT(4G_L18_2),Telenet,4G,50.846766915,4.354004694,6.5,34.0,1870.0,Band1800MHz,-9,0,56,9.73,95,50
SITE(BX3019),ANT(5G-N35_1)/ANT(5G-N35_2),Telenet,5G,50.846766915,4.354004694,6.5,34.0,3530.0,Band3600MHz,0,0,56,8.34,122,50
SITE(BX3032),ANT(120_2_5G_N35),Telenet,5G,50.853707077,4.356205347,27.33,36.3,3530.0,Band3600MHz,-6,0,120,23.5,140,24
SITE(BX3032),ANT(250_1_4G_L18),Telenet,4G,50.85371157,4.356196825,26.86,40.0,1870.0,Band1800MHz,-5,0,250,17.47,108,9
SITE(BX3032),ANT(250_1_5G_N21),Telenet,5G,50.85371157,4.356196825,26.86,40.0,2142.5,Band2100MHz,-5,0,250,18.1,95,8
SITE(BX3032),ANT(250_1_4G_L26),Telenet,4G,50.85371157,4.356196825,26.86,38.0,2662.5,Band2600MHz,-6,0,250,18.92,86,6
SITE(BX3032),ANT(250_1_5G_N7),Telenet,5G,50.85371157,4.356196825,26.86,37.0,765.5,Band700MHz,-6,0,250,15.77,105,12
SITE(BX3032),ANT(250_1_4G_L8),Telenet,4G,50.85371157,4.356196825,26.86,37.0,796.0,Band800MHz,-6,0,250,16.4,100,11
SITE(BX3032),ANT(250_1_2G_L9)/ANT(250_1_5G_N9),Telenet,2G/4G/5G,50.85371157,4.356196825,26.86,38.0,930.0,Band900MHz,-6,0,250,16.87,96,9
SITE(BX3032),ANT(120_1_4G_L18),Telenet,4G,50.853711571,4.356208186,26.86,42.0,1870.0,Band1800MHz,-3,0,120,17.45,107,8
SITE(BX3032),ANT(120_1_5G_N21),Telenet,5G,50.853711571,4.356208186,26.86,43.0,2142.5,Band2100MHz,-4,0,120,18.29,88,8
SITE(BX3032),ANT(120_1_4G_L26),Telenet,4G,50.853711571,4.356208186,26.86,42.0,2662.5,Band2600MHz,-4,0,120,19.08,85,7
SITE(BX3032),ANT(120_1_5G_N7),Telenet,5G,50.853711571,4.356208186,26.86,40.0,765.5,Band700MHz,-6,0,120,15.78,105,11
SITE(BX3032),ANT(120_1_4G_L8),Telenet,4G,50.853711571,4.356208186,26.86,40.0,796.0,Band800MHz,-5,0,120,16.4,100,11
SITE(BX3032),ANT(120_1_2G_L9)/ANT(120_1_5G_N9),Telenet,2G/4G/5G,50.853711571,4.356208186,26.86,40.0,930.0,Band900MHz,-5,0,120,16.79,96,9
SITE(BX3032),ANT(250_2_5G_N35),Telenet,5G,50.853715166,4.356193984,27.33,33.0,3530.0,Band3600MHz,-6,0,250,23.5,140,24
SITE(BX3032),ANT(355_1_4G_L18),Telenet,4G,50.853719661,4.356201083,26.86,43.0,1870.0,Band1800MHz,-5,0,355,17.42,108,8
SITE(BX3032),ANT(355_1_5G_N21),Telenet,5G,50.853719661,4.356201083,26.86,43.0,2142.5,Band2100MHz,-5,0,355,18.1,94,7
SITE(BX3032),ANT(355_1_4G_L26),Telenet,4G,50.853719661,4.356201083,26.86,43.0,2662.5,Band2600MHz,-5,0,355,18.85,84,6
SITE(BX3032),ANT(355_1_5G_N7),Telenet,5G,50.853719661,4.356201083,26.86,37.0,765.5,Band700MHz,-6,0,355,15.77,105,12
SITE(BX3032),ANT(355_1_4G_L8),Telenet,4G,50.853719661,4.356201083,26.86,41.0,796.0,Band800MHz,-6,0,355,16.4,100,11
SITE(BX3032),ANT(355_1_2G_L9)/ANT(355_1_5G_N9),Telenet,2G/4G/5G,50.853719661,4.356201083,26.86,40.0,930.0,Band900MHz,-6,0,355,16.87,96,9
SITE(BX3032),ANT(355_2_5G_N35),Telenet,5G,50.853719662,4.356209604,27.33,37.5,3530.0,Band3600MHz,-6,0,355,23.5,140,24
SITE(BX3072),ANT(235_1_4G_L18),Telenet,4G,50.852243298,4.36703563,23.13,43.0,1870.0,Band1800MHz,-5,0,235,15.85,103,17
SITE(BX3072),ANT(235_1_5G_N21),Telenet,5G,50.852243298,4.36703563,23.13,41.75,2142.5,Band2100MHz,-2,0,235,16.17,99,16
SITE(BX3072),ANT(235_1_4G_L26),Telenet,4G,50.852243298,4.36703563,23.13,41.75,2662.5,Band2600MHz,-6,0,235,16.42,89,13
SITE(BX3072),ANT(235_1_5G_N35),Telenet,5G,50.852243298,4.36703563,23.13,36.5,3530.0,Band3600MHz,-8,0,235,19.28,104,13
SITE(BX3072),ANT(235_1_4G_L8),Telenet,4G,50.852243298,4.36703563,23.13,39.0,796.0,Band800MHz,-8,0,235,12.1,122,32
SITE(BX3072),ANT(235_1_2G_L9),Telenet,2G,50.852243298,4.36703563,23.13,38.8,930.0,Band900MHz,-3,0,235,12.9,114,29
SITE(BX3072),ANT(80_1_4G_L18),Telenet,4G,50.852344079,4.367123483,23.13,44.0,1870.0,Band1800MHz,-5,0,80,15.85,103,19
SITE(BX3072),ANT(80_1_5G_N21),Telenet,5G,50.852344079,4.367123483,23.13,41.75,2142.5,Band2100MHz,-2,0,80,16.17,100,18
SITE(BX3072),ANT(80_1_4G_L26),Telenet,4G,50.852344079,4.367123483,23.13,41.75,2662.5,Band2600MHz,-9,0,80,16.46,89,16
SITE(BX3072),ANT(80_1_5G_N35),Telenet,5G,50.852344079,4.367123483,23.13,40.0,3530.0,Band3600MHz,-8,0,80,19.28,104,13
SITE(BX3072),ANT(80_1_5G_N7),Telenet,5G,50.852344079,4.367123483,23.13,37.0,765.5,Band700MHz,-5,0,80,12.08,119,36
SITE(BX3072),ANT(80_1_4G_L8),Telenet,4G,50.852344079,4.367123483,23.13,41.0,796.0,Band800MHz,-9,0,80,12.12,122,34
SITE(BX3072),ANT(80_1_2G_L9),Telenet,2G,50.852344079,4.367123483,23.13,40.0,930.0,Band900MHz,-9,0,80,12.91,114,31
SITE(BX3072),ANT(350_1_4G_L18),Telenet,4G,50.852531068,4.366770449,23.13,44.0,1870.0,Band1800MHz,-5,0,350,15.85,103,19
SITE(BX3072),ANT(350_1_5G_N21),Telenet,5G,50.852531068,4.366770449,23.13,43.0,2142.5,Band2100MHz,-2,0,350,16.17,100,18
SITE(BX3072),ANT(350_1_4G_L26),Telenet,4G,50.852531068,4.366770449,23.13,43.0,2662.5,Band2600MHz,-9,0,350,16.46,89,16
SITE(BX3072),ANT(350_1_5G_N35),Telenet,5G,50.852531068,4.366770449,23.13,38.75,3530.0,Band3600MHz,-8,0,350,19.28,104,13
SITE(BX3072),ANT(350_1_4G_L8),Telenet,4G,50.852531068,4.366770449,23.13,40.0,796.0,Band800MHz,-9,0,350,12.12,122,34
SITE(BX3072),ANT(350_1_2G_L9),Telenet,2G,50.852531068,4.366770449,23.13,40.0,930.0,Band900MHz,-9,0,350,12.91,114,31
SITE(BX3086),ANT(165_1_4G_L18),Telenet,4G,50.85176003,4.3610445,29.61,44.8,1870.0,Band1800MHz,-8,0,165,17.49,109,14
SITE(BX3086),ANT(165_1_5G_N21),Telenet,5G,50.85176003,4.3610445,29.61,44.8,2142.5,Band2100MHz,-4,0,165,18.29,95,13
SITE(BX3086),ANT(165_1_4G_L26),Telenet,4G,50.85176003,4.3610445,29.61,43.0,2662.5,Band2600MHz,-2,0,165,19.08,87,12
SITE(BX3086),ANT(165_1_5G_N7),Telenet,5G,50.85176003,4.3610445,29.61,37.0,765.5,Band700MHz,-4,0,165,15.8,106,18
SITE(BX3086),ANT(165_1_4G_L8),Telenet,4G,50.85176003,4.3610445,29.61,42.0,796.0,Band800MHz,-2,0,165,16.4,102,17
SITE(BX3086),ANT(165_1_2G_L9),Telenet,2G,50.85176003,4.3610445,29.61,40.0,930.0,Band900MHz,-6,0,165,17.29,99,16
SITE(BX3086),ANT(165_2_5G_N35),Telenet,5G,50.851760087,4.361051787,30.66,38.2,3530.0,Band3600MHz,-6,-2,165,23.5,140,24
SITE(BX3086),ANT(260_2_5G_N35),Telenet,5G,50.851774035,4.360934586,30.22,42.75,3530.0,Band3600MHz,-6,0,260,23.5,140,24
SITE(BX3086),ANT(260_1_4G_L18),Telenet,4G,50.851778789,4.360934274,29.61,46.02,1870.0,Band1800MHz,-10,0,260,17.51,110,18
SITE(BX3086),ANT(260_1_5G_N21),Telenet,5G,50.851778789,4.360934274,29.61,46.02,2142.5,Band2100MHz,-4,0,260,18.29,95,18
SITE(BX3086),ANT(260_1_4G_L26),Telenet,4G,50.851778789,4.360934274,29.61,46.02,2662.5,Band2600MHz,-2,0,260,19.08,88,16
SITE(BX3086),ANT(260_1_5G_N7),Telenet,5G,50.851778789,4.360934274,29.61,43.01,765.5,Band700MHz,-4,0,260,15.8,107,20
SITE(BX3086),ANT(260_1_4G_L8),Telenet,4G,50.851778789,4.360934274,29.61,48.0,796.0,Band800MHz,-2,0,260,16.4,102,20
SITE(BX3086),ANT(260_1_2G_L9),Telenet,2G,50.851778789,4.360934274,29.61,43.65,930.0,Band900MHz,-6,0,260,17.29,101,20
SITE(BX3086),ANT(50_1_4G_L18),Telenet,4G,50.852326121,4.361469131,30.48,46.02,1870.0,Band1800MHz,-10,0,50,17.51,109,16
SITE(BX3086),ANT(50_1_5G_N21),Telenet,5G,50.852326121,4.361469131,30.48,46.02,2142.5,Band2100MHz,-4,0,50,18.29,95,15
SITE(BX3086),ANT(50_1_4G_L26),Telenet,4G,50.852326121,4.361469131,30.48,46.02,2662.5,Band2600MHz,-2,0,50,19.08,87,13
SITE(BX3086),ANT(50_1_5G_N7),Telenet,5G,50.852326121,4.361469131,30.48,40.0,765.5,Band700MHz,-4,0,50,15.8,106,20
SITE(BX3086),ANT(50_1_4G_L8),Telenet,4G,50.852326121,4.361469131,30.48,46.02,796.0,Band800MHz,-2,0,50,16.4,102,19
SITE(BX3086),ANT(50_1_2G_L9),Telenet,2G,50.852326121,4.361469131,30.48,43.01,930.0,Band900MHz,-6,0,50,17.29,99,18
SITE(BX3086),ANT(50_2_5G_N35),Telenet,5G,50.852329722,4.361464865,30.99,41.75,3530.0,Band3600MHz,-6,-3,50,23.5,140,24
SITE(BX3093),ANT(165_2_5G_N35),Telenet,5G,50.845419111,4.35169927,35,34.75,3530.0,Band3600MHz,-6,0,180,23.5,140,24
SITE(BX3093),ANT(165_1_4G_L18),Telenet,4G,50.845419111,4.35169927,35.16,41.5,1870.0,Band1800MHz,-4,0,180,18.24,88,8
SITE(BX3093),ANT(165_1_5G_N21),Telenet,5G,50.845419111,4.35169927,35.16,40.0,2142.5,Band2100MHz,-4,0,180,19.03,90,6
SITE(BX3093),ANT(165_1_4G_L26),Telenet,4G,50.845419111,4.35169927,35.16,40.0,2662.5,Band2600MHz,-4,0,180,19.58,86,6
SITE(BX3093),ANT(165_1_4G_L8),Telenet,4G,50.845419111,4.35169927,35.16,40.0,796.0,Band800MHz,-5,0,180,15.64,103,14
SITE(BX3093),ANT(165_1_2G_L9),Telenet,2G,50.845419111,4.35169927,35.16,40.0,930.0,Band900MHz,-5,0,180,16.3,103,12
SITE(BX3093),ANT(40_2_5G_N35),Telenet,5G,50.845421808,4.351697849,35,39.55,3530.0,Band3600MHz,-6,-3,40,23.5,140,24
SITE(BX3093),ANT(40_1_4G_L18),Telenet,4G,50.845421808,4.351697849,35.26,46.02,1870.0,Band1800MHz,-9,0,40,18.41,93,15
SITE(BX3093),ANT(40_1_5G_N21),Telenet,5G,50.845421808,4.351697849,35.26,46.02,2142.5,Band2100MHz,-3,0,40,19.13,96,13
SITE(BX3093),ANT(40_1_4G_L26),Telenet,4G,50.845421808,4.351697849,35.26,46.02,2662.5,Band2600MHz,-6,0,40,19.77,92,13
SITE(BX3093),ANT(40_1_5G_N7),Telenet,5G,50.845421808,4.351697849,35.26,40.0,765.5,Band700MHz,-11,0,40,15.74,102,23
SITE(BX3093),ANT(40_1_4G_L8),Telenet,4G,50.845421808,4.351697849,35.26,43.01,796.0,Band800MHz,-2,0,40,15.9,103,21
SITE(BX3093),ANT(40_1_2G_L9)/ANT(40_1_5G_N9),Telenet,2G/4G/5G,50.845421808,4.351697849,35.26,43.01,930.0,Band900MHz,-10,0,40,16.44,103,20
SITE(BX3093),ANT(280_2_5G_N35),Telenet,5G,50.84552427,4.351572863,33.11,39.55,3530.0,Band3600MHz,-6,-2,280,23.5,140,24
SITE(BX3093),ANT(280_1_4G_L18),Telenet,4G,50.84552427,4.351572863,33.37,46.02,1870.0,Band1800MHz,-6,0,280,18.29,88,10
SITE(BX3093),ANT(280_1_5G_N21),Telenet,5G,50.84552427,4.351572863,33.37,46.02,2142.5,Band2100MHz,-5,0,280,19.07,92,8
SITE(BX3093),ANT(280_1_4G_L26),Telenet,4G,50.84552427,4.351572863,33.37,46.02,2662.5,Band2600MHz,-6,0,280,19.74,86,8
SITE(BX3093),ANT(280_1_5G_N7),Telenet,5G,50.84552427,4.351572863,33.37,40.0,765.5,Band700MHz,-8,0,280,15.63,101,17
SITE(BX3093),ANT(280_1_4G_L8),Telenet,4G,50.84552427,4.351572863,33.37,43.01,796.0,Band800MHz,-7,0,280,15.71,103,16
SITE(BX3093),ANT(280_1_2G_L9)/ANT(280_1_5G_N9),Telenet,2G/4G/5G,50.84552427,4.351572863,33.37,40.0,930.0,Band900MHz,-7,0,280,16.31,104,14
SITE(BX3102),ANT(240_2_5G_N35),Telenet,5G,50.848615068,4.365258034,34.69,39.55,3530.0,Band3600MHz,-6,0,240,23.5,140,24
SITE(BX3102),ANT(240_1_4G_L18),Telenet,4G,50.848618124,4.365254029,33.56,46.02,1870.0,Band1800MHz,-6,0,240,17.31,103,14
SITE(BX3102),ANT(240_1_5G_N21),Telenet,5G,50.848618124,4.365254029,33.56,46.02,2142.5,Band2100MHz,-4,0,240,17.79,105,12
SITE(BX3102),ANT(240_1_4G_L26),Telenet,4G,50.848618124,4.365254029,33.56,46.02,2662.5,Band2600MHz,-3,0,240,18.44,85,10
SITE(BX3102),ANT(240_1_5G_N7),Telenet,5G,50.848618124,4.365254029,33.56,40.0,765.5,Band700MHz,-6,0,240,16.06,113,16
SITE(BX3102),ANT(240_1_4G_L8),Telenet,4G,50.848618124,4.365254029,33.56,43.01,796.0,Band800MHz,-6,0,240,16.06,112,15
SITE(BX3102),ANT(240_1_2G_L9)/ANT(240_1_5G_N9),Telenet,2G/4G/5G,50.848618124,4.365254029,33.56,43.01,930.0,Band900MHz,-6,0,240,16.66,103,13
SITE(BX3102),ANT(120_1_4G_L18),Telenet,4G,50.84878912,4.365457215,33.64,46.02,1870.0,Band1800MHz,-6,0,120,17.24,102,10
SITE(BX3102),ANT(120_1_5G_N21),Telenet,5G,50.84878912,4.365457215,33.64,46.02,2142.5,Band2100MHz,-4,0,120,17.47,97,10
SITE(BX3102),ANT(120_1_4G_L26),Telenet,4G,50.84878912,4.365457215,33.64,46.02,2662.5,Band2600MHz,-5,0,120,18.02,85,8
SITE(BX3102),ANT(120_1_5G_N7),Telenet,5G,50.84878912,4.365457215,33.64,40.0,765.5,Band700MHz,-6,0,120,15.98,114,14
SITE(BX3102),ANT(120_1_4G_L8),Telenet,4G,50.84878912,4.365457215,33.64,43.01,796.0,Band800MHz,-6,0,120,16.06,107,13
SITE(BX3102),ANT(120_1_2G_L9)/ANT(120_1_5G_N9),Telenet,2G/4G/5G,50.84878912,4.365457215,33.64,43.01,930.0,Band900MHz,-6,0,120,16.59,104,12
SITE(BX3102),ANT(120_2_5G_N35),Telenet,5G,50.848794432,4.365461081,34.69,39.55,3530.0,Band3600MHz,-6,0,120,23.5,140,24
SITE(BX3102),ANT(0_1_4G_L18),Telenet,4G,50.848868593,4.365372925,33.64,46.02,1870.0,Band1800MHz,-6,0,0,17.31,103,16
SITE(BX3102),ANT(0_1_5G_N21),Telenet,5G,50.848868593,4.365372925,33.64,46.02,2142.5,Band2100MHz,-4,0,0,17.79,106,13
SITE(BX3102),ANT(0_1_4G_L26),Telenet,4G,50.848868593,4.365372925,33.64,46.02,2662.5,Band2600MHz,-8,0,0,18.52,86,12
SITE(BX3102),ANT(0_1_5G_N7),Telenet,5G,50.848868593,4.365372925,33.64,40.0,765.5,Band700MHz,-6,0,0,16.06,113,16
SITE(BX3102),ANT(0_1_4G_L8),Telenet,4G,50.848868593,4.365372925,33.64,43.01,796.0,Band800MHz,-6,0,0,16.06,112,17
SITE(BX3102),ANT(0_1_2G_L9)/ANT(0_1_5G_N9),Telenet,2G/4G/5G,50.848868593,4.365372925,33.64,40.0,930.0,Band900MHz,-6,0,0,16.66,103,14
SITE(BX3102),ANT(0_2_5G_N35),Telenet,5G,50.848868673,4.365367841,34.69,39.55,3530.0,Band3600MHz,-6,0,0,23.5,140,24
SITE(BX3110),ANT(80_2_5G_N35),Telenet,5G,50.848756622,4.357604261,35.59,39.55,3530.0,Band3600MHz,-6,-3,80,23.5,140,24
SITE(BX3110),ANT(80_1_4G_L18),Telenet,4G,50.8487639,4.357602271,34.54,46.02,1870.0,Band1800MHz,-6,0,80,17.31,103,16
SITE(BX3110),ANT(80_1_5G_N21),Telenet,5G,50.8487639,4.357602271,34.54,43.0,2142.5,Band2100MHz,-4,0,80,17.79,106,14
SITE(BX3110),ANT(80_1_4G_L26),Telenet,4G,50.8487639,4.357602271,34.54,43.0,2662.5,Band2600MHz,-8,0,80,18.52,86,12
SITE(BX3110),ANT(80_1_5G_N7),Telenet,5G,50.8487639,4.357602271,34.54,40.0,765.5,Band700MHz,-6,0,80,16.06,113,16
SITE(BX3110),ANT(80_1_4G_L8),Telenet,4G,50.8487639,4.357602271,34.54,43.01,796.0,Band800MHz,-6,0,80,16.06,112,17
SITE(BX3110),ANT(80_1_2G_L9)/ANT(80_1_5G_N9),Telenet,2G/4G/5G,50.8487639,4.357602271,34.54,40.0,930.0,Band900MHz,-6,0,80,16.66,103,14
SITE(BX3110),ANT(180_2_5G_N35),Telenet,5G,50.848832786,4.357269969,35.59,39.55,3530.0,Band3600MHz,-6,0,180,23.5,140,24
SITE(BX3110),ANT(180_1_4G_L18),Telenet,4G,50.84883288,4.357280026,34.54,46.02,1870.0,Band1800MHz,-6,0,180,17.31,103,16
SITE(BX3110),ANT(180_1_5G_N21),Telenet,5G,50.84883288,4.357280026,34.54,46.02,2142.5,Band2100MHz,-4,0,180,17.79,106,13
SITE(BX3110),ANT(180_1_4G_L26),Telenet,4G,50.84883288,4.357280026,34.54,46.02,2662.5,Band2600MHz,-8,0,180,18.52,86,12
SITE(BX3110),ANT(180_1_5G_N7),Telenet,5G,50.84883288,4.357280026,34.54,40.0,765.5,Band700MHz,-6,0,180,16.06,113,16
SITE(BX3110),ANT(180_1_4G_L8),Telenet,4G,50.84883288,4.357280026,34.54,44.01,796.0,Band800MHz,-6,0,180,16.06,112,17
SITE(BX3110),ANT(180_1_2G_L9)/ANT(180_1_5G_N9),Telenet,2G/4G/5G,50.84883288,4.357280026,34.54,43.01,930.0,Band900MHz,-6,0,180,16.66,103,14
SITE(BX3110),ANT(280_1_4G_L18),Telenet,4G,50.848887569,4.35734508,34.54,46.02,1870.0,Band1800MHz,-6,0,280,17.31,103,16
SITE(BX3110),ANT(280_1_5G_N21),Telenet,5G,50.848887569,4.35734508,34.54,46.02,2142.5,Band2100MHz,-4,0,280,17.79,106,13
SITE(BX3110),ANT(280_1_4G_L26),Telenet,4G,50.848887569,4.35734508,34.54,46.02,2662.5,Band2600MHz,-8,0,280,18.52,86,12
SITE(BX3110),ANT(280_1_5G_N7),Telenet,5G,50.848887569,4.35734508,34.54,40.0,765.5,Band700MHz,-6,0,280,16.06,113,18
SITE(BX3110),ANT(280_1_4G_L8),Telenet,4G,50.848887569,4.35734508,34.54,43.01,796.0,Band800MHz,-6,0,280,16.06,112,18
SITE(BX3110),ANT(280_1_2G_L9)/ANT(280_1_5G_N9),Telenet,2G/4G/5G,50.848887569,4.35734508,34.54,40.0,930.0,Band900MHz,-6,0,280,16.66,103,16
SITE(BX3110),ANT(280_2_5G_N35),Telenet,5G,50.848893948,4.357347778,35.59,39.55,3530.0,Band3600MHz,-6,0,280,23.5,140,24
SITE(BX3241),ANT(150_2_5G_N35),Telenet,5G,50.852212632,4.352818784,35.39,35.3,3530.0,Band3600MHz,-6,0,150,23.5,140,24
SITE(BX3241),ANT(150_1_4G_L18),Telenet,4G,50.852214431,4.352825884,34.33,43.6,1870.0,Band1800MHz,-6,0,150,17.31,105,10
SITE(BX3241),ANT(150_1_5G_N21),Telenet,5G,50.852214431,4.352825884,34.33,41.8,2142.5,Band2100MHz,-4,0,150,17.79,102,10
SITE(BX3241),ANT(150_1_4G_L26),Telenet,4G,50.852214431,4.352825884,34.33,41.8,2662.5,Band2600MHz,-4,0,150,18.49,85,9
SITE(BX3241),ANT(150_1_5G_N7),Telenet,5G,50.852214431,4.352825884,34.33,37.0,765.5,Band700MHz,-6,0,150,15.98,113,13
SITE(BX3241),ANT(150_1_4G_L8),Telenet,4G,50.852214431,4.352825884,34.33,42.0,796.0,Band800MHz,-6,0,150,16.06,107,12
SITE(BX3241),ANT(150_1_2G_L9)/ANT(150_1_5G_N9),Telenet,2G/4G/5G,50.852214431,4.352825884,34.33,40.0,930.0,Band900MHz,-6,0,150,16.59,104,11
SITE(BX3241),ANT(240_2_5G_N35),Telenet,5G,50.852229703,4.352749194,35.39,39.0,3530.0,Band3600MHz,-6,-3,240,23.5,140,24
SITE(BX3241),ANT(240_1_4G_L18),Telenet,4G,50.852232399,4.352746353,34.33,44.8,1870.0,Band1800MHz,-6,0,240,17.31,106,13
SITE(BX3241),ANT(240_1_5G_N21),Telenet,5G,50.852232399,4.352746353,34.33,43.0,2142.5,Band2100MHz,-4,0,240,17.79,105,13
SITE(BX3241),ANT(240_1_4G_L26),Telenet,4G,50.852232399,4.352746353,34.33,43.0,2662.5,Band2600MHz,-8,0,240,18.52,85,13
SITE(BX3241),ANT(240_1_5G_N7),Telenet,5G,50.852232399,4.352746353,34.33,40.0,765.5,Band700MHz,-2,0,240,15.0,124,17
SITE(BX3241),ANT(240_1_4G_L8),Telenet,4G,50.852232399,4.352746353,34.33,42.0,796.0,Band800MHz,-6,0,240,16.06,107,16
SITE(BX3241),ANT(240_1_2G_L9)/ANT(240_1_5G_N9),Telenet,2G/4G/5G,50.852232399,4.352746353,34.33,40.0,930.0,Band900MHz,-6,0,240,16.59,104,15
SITE(BX3241),ANT(330_1_4G_L18),Telenet,4G,50.852235994,4.352740671,34.33,44.8,1870.0,Band1800MHz,-6,0,330,17.31,105,10
SITE(BX3241),ANT(330_1_5G_N21),Telenet,5G,50.852235994,4.352740671,34.33,43.0,2142.5,Band2100MHz,-4,0,330,17.79,102,10
SITE(BX3241),ANT(330_1_4G_L26),Telenet,4G,50.852235994,4.352740671,34.33,41.8,2662.5,Band2600MHz,-4,0,330,18.49,85,9
SITE(BX3241),ANT(330_1_5G_N7),Telenet,5G,50.852235994,4.352740671,34.33,37.0,765.5,Band700MHz,-6,0,330,15.98,114,14
SITE(BX3241),ANT(330_1_4G_L8),Telenet,4G,50.852235994,4.352740671,34.33,42.0,796.0,Band800MHz,-6,0,330,16.06,107,13
SITE(BX3241),ANT(330_1_2G_L9)/ANT(330_1_5G_N9),Telenet,2G/4G/5G,50.852235994,4.352740671,34.33,40.0,930.0,Band900MHz,-6,0,330,16.59,104,12
SITE(BX3241),ANT(330_2_5G_N35),Telenet,5G,50.852238692,4.352747771,35.39,36.7,3530.0,Band3600MHz,-6,0,330,23.5,140,24
SITE(BX3407),ANT(180_1_4G_L18),Telenet,4G,50.850374618,4.351035273,29.74,44.8,1870.0,Band1800MHz,-6,0,180,17.31,106,11
SITE(BX3407),ANT(180_1_5G_N21),Telenet,5G,50.850374618,4.351035273,29.74,43.0,2142.5,Band2100MHz,-5,0,180,17.7,106,11
SITE(BX3407),ANT(180_1_4G_L26),Telenet,4G,50.850374618,4.351035273,29.74,43.0,2662.5,Band2600MHz,-8,0,180,18.52,84,10
SITE(BX3407),ANT(180_1_5G_N7),Telenet,5G,50.850374618,4.351035273,29.74,40.0,765.5,Band700MHz,-6,0,180,15.98,114,12
SITE(BX3407),ANT(180_1_4G_L8),Telenet,4G,50.850374618,4.351035273,29.74,42.0,796.0,Band800MHz,-6,0,180,16.06,107,13
SITE(BX3407),ANT(180_1_2G_L9)/ANT(180_1_3G_U9),Telenet,2G/3G,50.850374618,4.351035273,29.74,40.0,930.0,Band900MHz,-6,0,180,16.59,104,11
SITE(BX3407),ANT(180_2_5G_N35),Telenet,5G,50.850374872,4.351041618,30.73,39.4,3530.0,Band3600MHz,-6,-2,180,23.5,140,24
SITE(BX3407),ANT(80_2_5G_N35),Telenet,5G,50.850378357,4.35104335,30.73,39.55,3530.0,Band3600MHz,-6,0,80,23.5,140,24
SITE(BX3407),ANT(80_1_4G_L18),Telenet,4G,50.850380826,4.35104287,29.74,44.0,1870.0,Band1800MHz,-6,0,80,17.31,106,11
SITE(BX3407),ANT(80_1_5G_N21),Telenet,5G,50.850380826,4.35104287,29.74,44.0,2142.5,Band2100MHz,-5,0,80,17.7,102,10
SITE(BX3407),ANT(80_1_4G_L26),Telenet,4G,50.850380826,4.35104287,29.74,43.0,2662.5,Band2600MHz,-8,0,80,18.52,84,9
SITE(BX3407),ANT(80_1_5G_N7),Telenet,5G,50.850380826,4.35104287,29.74,40.0,765.5,Band700MHz,-6,0,80,15.98,113,13
SITE(BX3407),ANT(80_1_4G_L8),Telenet,4G,50.850380826,4.35104287,29.74,39.5,796.0,Band800MHz,-6,0,80,16.06,107,12
SITE(BX3407),ANT(80_1_2G_L9)/ANT(80_1_3G_U9),Telenet,2G/3G,50.850380826,4.35104287,29.74,40.0,930.0,Band900MHz,-6,0,80,16.59,104,11
SITE(BX3407),ANT(345_1_4G_L18),Telenet,4G,50.85054754,4.350983201,29.74,37.0,1870.0,Band1800MHz,-7,0,345,16.99,104,11
SITE(BX3407),ANT(345_1_4G_L8),Telenet,4G,50.85054754,4.350983201,29.74,35.0,796.0,Band800MHz,-8,0,345,15.88,107,11
SITE(BX3407),ANT(345_1_2G_L9),Telenet,2G,50.85054754,4.350983201,29.74,35.0,930.0,Band900MHz,-8,0,345,16.58,98,9
SITE(BX3407),ANT(345_2_5G_N35),Telenet,5G,50.850549339,4.3509903,30.73,34.0,3530.0,Band3600MHz,-6,-3,345,23.5,140,24
SITE(BX3449B),ANT(BX3449_140_2_5G_N35),Telenet,5G,50.848786908,4.36989429,40.59,33.75,3530.0,Band3600MHz,-6,0,140,23.5,140,24
SITE(BX3449B),ANT(BX3449_140_1_4G_L18),Telenet,4G,50.848790042,4.369902224,40.19,42.0,1870.0,Band1800MHz,-5,0,140,18.26,90,11
SITE(BX3449B),ANT(BX3449_140_1_5G_N21),Telenet,5G,50.848790042,4.369902224,40.19,40.75,2142.5,Band2100MHz,-3,0,140,19.13,93,9
SITE(BX3449B),ANT(BX3449_140_1_4G_L26),Telenet,4G,50.848790042,4.369902224,40.19,40.75,2662.5,Band2600MHz,-5,0,140,19.64,86,9
SITE(BX3449B),ANT(BX3449_140_1_4G_L8),Telenet,4G,50.848790042,4.369902224,40.19,39.0,796.0,Band800MHz,-2,0,140,15.9,103,17
SITE(BX3449B),ANT(BX3449_140_1_2G_L9),Telenet,2G,50.848790042,4.369902224,40.19,39.0,930.0,Band900MHz,-2,0,140,16.35,104,16
SITE(BX3449B),ANT(BX3449_280_1_4G_L18),Telenet,4G,50.848815582,4.369821151,40.19,46.02,1870.0,Band1800MHz,-7,0,280,18.34,88,13
SITE(BX3449B),ANT(BX3449_280_1_5G_N21),Telenet,5G,50.848815582,4.369821151,40.19,46.02,2142.5,Band2100MHz,-3,0,280,19.13,94,11
SITE(BX3449B),ANT(BX3449_280_1_4G_L26),Telenet,4G,50.848815582,4.369821151,40.19,46.02,2662.5,Band2600MHz,-6,0,280,19.74,86,11
SITE(BX3449B),ANT(BX3449_280_1_5G_N7),Telenet,5G,50.848815582,4.369821151,40.19,37.0,765.5,Band700MHz,-9,0,280,15.68,102,21
SITE(BX3449B),ANT(BX3449_280_1_4G_L8),Telenet,4G,50.848815582,4.369821151,40.19,43.01,796.0,Band800MHz,-2,0,280,15.9,103,20
SITE(BX3449B),ANT(BX3449_280_1_2G_L9)/ANT(BX3449_280_1_3G_U9),Telenet,2G/3G,50.848815582,4.369821151,40.19,37.0,930.0,Band900MHz,-2,0,280,16.35,105,18
SITE(BX3449B),ANT(BX3449_50_2_5G_N35),Telenet,5G,50.848817295,4.369904048,40.59,34.75,3530.0,Band3600MHz,-6,0,50,23.5,140,24
SITE(BX3449B),ANT(BX3449_50_1_4G_L18),Telenet,4G,50.848821978,4.369899225,40.19,43.5,1870.0,Band1800MHz,-5,0,50,18.26,90,11
SITE(BX3449B),ANT(BX3449_50_1_5G_N21),Telenet,5G,50.848821978,4.369899225,40.19,42.5,2142.5,Band2100MHz,-3,0,50,19.13,93,9
SITE(BX3449B),ANT(BX3449_50_1_4G_L26),Telenet,4G,50.848821978,4.369899225,40.19,42.5,2662.5,Band2600MHz,-5,0,50,19.64,86,9
SITE(BX3449B),ANT(BX3449_50_1_5G_N7),Telenet,5G,50.848821978,4.369899225,40.19,37.0,765.5,Band700MHz,-4,0,50,15.61,104,19
SITE(BX3449B),ANT(BX3449_50_1_4G_L8),Telenet,4G,50.848821978,4.369899225,40.19,40.2,796.0,Band800MHz,-2,0,50,15.9,103,17
SITE(BX3449B),ANT(BX3449_50_1_2G_L9)/ANT(BX3449_50_1_3G_U9),Telenet,2G/3G,50.848821978,4.369899225,40.19,40.0,930.0,Band900MHz,-2,0,50,16.35,104,16
SITE(BX3449B),ANT(BX3449_280_2_5G_N35),Telenet,5G,50.848822559,4.36982453,40.59,39.55,3530.0,Band3600MHz,-6,0,280,23.5,140,24
SITE(BX3571),ANT(140_2_5G_N35),Telenet,5G,50.850239168,4.358685763,25.27,34.75,3530.0,Band3600MHz,-6,0,140,23.5,140,24
SITE(BX3571),ANT(140_1_4G_L18),Telenet,4G,50.850240528,4.358688481,24.55,43.01,1870.0,Band1800MHz,-5,0,140,18.26,90,11
SITE(BX3571),ANT(140_1_5G_N21),Telenet,5G,50.850240528,4.358688481,24.55,41.75,2142.5,Band2100MHz,-3,0,140,19.13,93,9
SITE(BX3571),ANT(140_1_4G_L26),Telenet,4G,50.850240528,4.358688481,24.55,41.75,2662.5,Band2600MHz,-5,0,140,19.64,86,9
SITE(BX3571),ANT(140_1_5G_N7),Telenet,5G,50.850240528,4.358688481,24.55,37.0,765.5,Band700MHz,-4,0,140,15.61,104,19
SITE(BX3571),ANT(140_1_4G_L8),Telenet,4G,50.850240528,4.358688481,24.55,41.0,796.0,Band800MHz,-2,0,140,15.9,103,17
SITE(BX3571),ANT(140_1_2G_G9),Telenet,2G,50.850240528,4.358688481,24.55,40.0,930.0,Band900MHz,-2,0,140,16.35,104,16
SITE(BX3571),ANT(270_2_5G_N35),Telenet,5G,50.850399006,4.358542373,26.84,38.5,3530.0,Band3600MHz,-6,0,270,23.5,140,24
SITE(BX3571),ANT(270_1_4G_L18),Telenet,4G,50.85040124,4.358542312,26.12,43.01,1870.0,Band1800MHz,-6,0,270,18.29,88,12
SITE(BX3571),ANT(270_1_5G_N21),Telenet,5G,50.85040124,4.358542312,26.12,41.75,2142.5,Band2100MHz,-3,0,270,19.13,94,10
SITE(BX3571),ANT(270_1_4G_L26),Telenet,4G,50.85040124,4.358542312,26.12,41.75,2662.5,Band2600MHz,-6,0,270,19.74,86,10
SITE(BX3571),ANT(270_1_5G_N7),Telenet,5G,50.85040124,4.358542312,26.12,37.0,765.5,Band700MHz,-8,0,270,15.63,103,21
SITE(BX3571),ANT(270_1_4G_L8),Telenet,4G,50.85040124,4.358542312,26.12,43.01,796.0,Band800MHz,-2,0,270,15.9,103,19
SITE(BX3571),ANT(270_1_2G_G9),Telenet,2G,50.85040124,4.358542312,26.12,43.01,930.0,Band900MHz,-2,0,270,16.35,105,17
SITE(BX3571),ANT(30_2_5G_N35),Telenet,5G,50.850401983,4.358549716,26.84,34.75,3530.0,Band3600MHz,-6,0,30,23.5,140,24
SITE(BX3571),ANT(30_1_4G_L18),Telenet,4G,50.850403074,4.358546784,26.12,43.01,1870.0,Band1800MHz,-7,0,30,18.34,88,13
SITE(BX3571),ANT(30_1_5G_N21),Telenet,5G,50.850403074,4.358546784,26.12,41.75,2142.5,Band2100MHz,-3,0,30,19.13,94,11
SITE(BX3571),ANT(30_1_4G_L26),Telenet,4G,50.850403074,4.358546784,26.12,40.4,2662.5,Band2600MHz,-6,0,30,19.74,86,11
SITE(BX3571),ANT(30_1_5G_N7),Telenet,5G,50.850403074,4.358546784,26.12,37.0,765.5,Band700MHz,-4,0,30,15.61,104,19
SITE(BX3571),ANT(30_1_4G_L8),Telenet,4G,50.850403074,4.358546784,26.12,40.0,796.0,Band800MHz,-2,0,30,15.9,103,17
SITE(BX3571),ANT(30_1_2G_G9),Telenet,2G,50.850403074,4.358546784,26.12,40.0,930.0,Band900MHz,-2,0,30,16.35,104,16
SITE(BX3577),ANT(150_1_4G_L18),Telenet,4G,50.854990745,4.366381443,29.88,44.8,1870.0,Band1800MHz,-7,0,150,18.34,88,13
SITE(BX3577),ANT(150_1_5G_N21),Telenet,5G,50.854990745,4.366381443,29.88,43.0,2142.5,Band2100MHz,-3,0,150,19.13,94,11
SITE(BX3577),ANT(150_1_4G_L26),Telenet,4G,50.854990745,4.366381443,29.88,43.0,2662.5,Band2600MHz,-6,0,150,19.77,92,11
SITE(BX3577),ANT(150_1_5G_N7),Telenet,5G,50.854990745,4.366381443,29.88,40.0,765.5,Band700MHz,-9,0,150,15.68,102,21
SITE(BX3577),ANT(150_1_4G_L8),Telenet,4G,50.854990745,4.366381443,29.88,42.0,796.0,Band800MHz,-2,0,150,15.9,103,20
SITE(BX3577),ANT(150_1_2G_L9),Telenet,2G,50.854990745,4.366381443,29.88,42.0,930.0,Band900MHz,-2,0,150,16.35,105,18
SITE(BX3577),ANT(150_2_5G_N35),Telenet,5G,50.854994395,4.366395078,30.6,39.0,3530.0,Band3600MHz,-6,0,150,23.5,140,24
SITE(MBX3605),ANT(2)/ANT(L182a),Telenet,2G/4G,50.850560333,4.353871418,10.5,43.0,1870.0,Band1800MHz,0,0,210,11.12,95,41
SITE(MBX3605),ANT(NR212),Telenet,4G/5G,50.850560333,4.353871418,10.5,43.0,2142.5,Band2100MHz,1,0,210,10.57,107,41
SITE(MBX3605),ANT(L262a),Telenet,4G,50.850560333,4.353871418,10.5,43.0,2662.5,Band2600MHz,4,0,210,11.46,96,34
SITE(MBX3605),ANT(NR352),Telenet,5G,50.850560333,4.353871418,10.5,42.0,3530.0,Band3600MHz,-6,0,210,11.37,90,39
SITE(MBX3605),ANT(1)/ANT(L181a),Telenet,2G/4G,50.850565008,4.353869637,10.5,36.2,1870.0,Band1800MHz,0,0,300,11.12,95,41
SITE(MBX3605),ANT(NR211),Telenet,4G/5G,50.850565008,4.353869637,10.5,36.2,2142.5,Band2100MHz,1,0,300,10.57,107,41
SITE(MBX3605),ANT(L261a),Telenet,4G,50.850565008,4.353869637,10.5,36.0,2662.5,Band2600MHz,4,0,300,11.46,96,34
SITE(MBX3605),ANT(NR351),Telenet,5G,50.850565008,4.353869637,10.5,36.2,3530.0,Band3600MHz,-6,0,300,11.37,90,39
SITE(MBX3626),ANT(1)/ANT(L18),Telenet,2G/4G,50.854191544,4.357330764,6,32.0,1870.0,Band1800MHz,12,0,125,6.38,223,74
SITE(MBX3626),ANT(N21),Telenet,5G,50.854191544,4.357330764,6,32.0,2142.5,Band2100MHz,-4,0,125,5.29,230,104
SITE(MBX3626),ANT(L26),Telenet,4G,50.854191544,4.357330764,6,33.0,2662.5,Band2600MHz,28,0,125,6.55,270,105
